latitude,longitude,bright_ti4,scan,track,acq_date,acq_time,satellite,instrument,confidence,version,bright_ti5,frp,daynight,type
-2.17832,-80.04285,308.01,0.45,0.39,2024-02-06,632,N,VIIRS,n,2,289.97,1.43,N,2
-2.10387,-79.76435,348.72,0.5,0.49,2024-02-06,1912,N,VIIRS,n,2,291.74,7.24,D,0
-2.0781,-79.96794,304.58,0.45,0.39,2024-02-22,632,N,VIIRS,n,2,288.15,0.67,N,0
-1.94947,-79.98122,331.9,0.47,0.4,2024-03-15,1859,N,VIIRS,n,2,292.29,3.37,D,0
-2.17755,-80.04092,305.41,0.45,0.39,2024-03-25,632,N,VIIRS,n,2,291.99,0.9,N,2
-2.31532,-80.02419,339.49,0.41,0.37,2024-03-26,1853,N,VIIRS,n,2,300.41,4.75,D,0
-2.28909,-80.05802,345.08,0.4,0.37,2024-03-26,1853,N,VIIRS,n,2,295.62,13.55,D,0
-1.90522,-79.96318,340.86,0.41,0.37,2024-03-26,1853,N,VIIRS,n,2,298.21,5.23,D,0
-1.88221,-80.01934,330.72,0.41,0.37,2024-03-26,1853,N,VIIRS,n,2,295.13,2.54,D,0
-2.28731,-80.06271,337.1,0.61,0.53,2024-03-28,1815,N,VIIRS,n,2,294.05,9.01,D,0
-2.0781,-79.9678,304.84,0.48,0.4,2024-03-29,657,N,VIIRS,n,2,291.4,0.49,N,0
-2.1786,-80.04076,314.79,0.4,0.37,2024-03-30,638,N,VIIRS,n,2,292.84,1.22,N,2
-2.07872,-79.96647,307.54,0.41,0.37,2024-04-09,651,N,VIIRS,n,2,289.21,0.65,N,0
-1.89982,-79.9773,331.26,0.41,0.37,2024-04-11,1853,N,VIIRS,n,2,297.51,2.57,D,0
-2.17812,-80.04246,303.56,0.38,0.36,2024-04-20,645,N,VIIRS,n,2,288.92,0.73,N,2
-2.07908,-79.96545,305.31,0.45,0.39,2024-04-26,632,N,VIIRS,n,2,288.98,0.88,N,0
-2.07861,-79.96738,303.03,0.4,0.37,2024-05-01,638,N,VIIRS,n,2,290.24,0.43,N,0
-2.05302,-79.78484,348.27,0.39,0.37,2024-05-03,1840,N,VIIRS,n,2,296.64,6.81,D,0
-1.87977,-80.02304,339.51,0.4,0.37,2024-05-03,1840,N,VIIRS,n,2,295.46,3.88,D,0
-2.22105,-79.78469,338.6,0.4,0.37,2024-05-03,1840,N,VIIRS,n,2,293.5,3.87,D,0
-2.17698,-80.04058,312.77,0.38,0.36,2024-05-06,645,N,VIIRS,n,2,290.68,1.15,N,2
-2.17694,-80.04166,303.63,0.41,0.37,2024-05-11,651,N,VIIRS,n,2,287.21,0.86,N,2
-2.01002,-79.79976,349.17,0.38,0.36,2024-05-24,1846,N,VIIRS,n,2,297.95,9.19,D,0
-1.89687,-80.01181,344.49,0.38,0.36,2024-05-24,1846,N,VIIRS,n,2,293.74,7.2,D,0
-1.90019,-80.01131,351.09,0.38,0.36,2024-05-24,1846,N,VIIRS,n,2,298.39,16.32,D,0
-1.91871,-80.04381,332.44,0.38,0.36,2024-05-24,1846,N,VIIRS,n,2,297.06,1.8,D,0
-2.0067,-79.80025,340.89,0.38,0.36,2024-05-24,1846,N,VIIRS,n,2,294.11,9.24,D,0
-2.01335,-79.79926,348.1,0.38,0.36,2024-05-24,1846,N,VIIRS,n,2,294.72,9.19,D,0
-1.87947,-80.02926,331.7,0.38,0.36,2024-05-24,1846,N,VIIRS,n,2,295.9,2.48,D,0
-1.89721,-80.03645,338.49,0.38,0.36,2024-05-24,1846,N,VIIRS,n,2,296.16,4.26,D,0
-2.07819,-79.96397,301.53,0.41,0.37,2024-05-27,650,N,VIIRS,n,2,289.54,0.6,N,0
-2.08758,-79.77721,326.74,0.78,0.78,2024-05-27,1750,N,VIIRS,n,2,284.37,5.64,D,0
-2.10624,-79.78669,330.02,0.41,0.37,2024-05-29,1852,N,VIIRS,n,2,290.6,3.21,D,0
-1.98446,-79.76731,334.54,0.41,0.37,2024-05-29,1852,N,VIIRS,n,2,294.76,3.53,D,0
-1.85178,-80.01789,332.8,0.41,0.37,2024-05-29,1853,N,VIIRS,n,2,294.84,6.69,D,0
-1.89835,-80.04836,333.97,0.41,0.37,2024-05-29,1853,N,VIIRS,n,2,296.65,4.74,D,0
-1.89779,-80.04472,341.49,0.41,0.37,2024-05-29,1853,N,VIIRS,n,2,297.91,8.53,D,0
-1.88612,-79.94524,332.82,0.41,0.37,2024-05-29,1853,N,VIIRS,n,2,295.21,2.0,D,0
-1.90524,-80.02492,336.52,0.41,0.37,2024-05-29,1853,N,VIIRS,n,2,295.68,4.23,D,0
-1.90643,-80.00977,331.11,0.41,0.37,2024-05-29,1853,N,VIIRS,n,2,295.42,1.04,D,0
-1.91111,-79.97158,347.94,0.41,0.37,2024-05-29,1853,N,VIIRS,n,2,294.96,6.19,D,0
-2.09696,-79.76306,326.51,0.4,0.37,2024-06-04,1840,N,VIIRS,n,2,283.27,2.26,D,0
-1.97652,-79.91255,331.99,0.4,0.37,2024-06-04,1840,N,VIIRS,n,2,289.97,1.33,D,0
-2.17657,-80.04218,307.72,0.38,0.36,2024-06-07,644,N,VIIRS,n,2,289.97,0.95,N,2
-1.9176,-80.02432,332.84,0.38,0.36,2024-06-09,1846,N,VIIRS,n,2,296.69,0.98,D,0
-2.03551,-79.84078,338.06,0.38,0.36,2024-06-09,1846,N,VIIRS,n,2,298.4,14.77,D,0
-2.34726,-80.09493,334.21,0.38,0.36,2024-06-09,1846,N,VIIRS,n,2,298.36,3.12,D,0
-1.9239,-80.02866,346.82,0.56,0.43,2024-06-10,1827,N,VIIRS,n,2,296.39,14.76,D,0
-2.09232,-79.76794,336.06,0.55,0.43,2024-06-10,1827,N,VIIRS,n,2,291.69,5.89,D,0
-1.92986,-80.09561,336.33,0.57,0.43,2024-06-10,1827,N,VIIRS,n,2,294.52,8.08,D,0
-2.1758,-80.04197,302.64,0.41,0.37,2024-06-12,650,N,VIIRS,n,2,287.94,0.84,N,2
-1.86553,-80.01681,334.97,0.4,0.37,2024-06-14,1852,N,VIIRS,n,2,292.23,4.5,D,0
-1.86498,-80.01317,334.16,0.4,0.37,2024-06-14,1852,N,VIIRS,n,2,291.08,4.5,D,0
-1.89979,-80.08218,335.98,0.4,0.37,2024-06-14,1852,N,VIIRS,n,2,290.28,4.3,D,0
-2.00452,-79.7783,345.08,0.63,0.54,2024-06-18,1917,N,VIIRS,n,2,292.44,10.48,D,0
-2.09245,-79.75217,340.16,0.63,0.54,2024-06-18,1917,N,VIIRS,n,2,291.9,9.65,D,0
-1.86855,-80.01755,330.13,0.61,0.53,2024-06-18,1917,N,VIIRS,n,2,291.59,7.24,D,0
-2.27886,-80.0493,341.07,0.46,0.39,2024-06-19,1858,N,VIIRS,n,2,297.78,5.33,D,0
-2.04843,-79.78777,337.09,0.47,0.4,2024-06-19,1858,N,VIIRS,n,2,296.66,8.28,D,0
-1.99845,-79.75603,340.24,0.48,0.4,2024-06-19,1858,N,VIIRS,n,2,297.18,6.78,D,0
-1.94911,-79.99107,330.3,0.46,0.39,2024-06-19,1858,N,VIIRS,n,2,297.47,2.71,D,0
-1.92993,-80.01103,334.89,0.46,0.39,2024-06-19,1858,N,VIIRS,n,2,297.51,7.51,D,0
-1.88953,-80.0771,331.16,0.41,0.37,2024-06-20,1839,N,VIIRS,n,2,297.92,1.2,D,0
-1.8596,-80.04057,344.62,0.41,0.37,2024-06-20,1839,N,VIIRS,n,2,301.65,20.28,D,0
-1.87411,-79.97526,340.78,0.4,0.37,2024-06-20,1839,N,VIIRS,n,2,299.38,4.52,D,0
-1.87751,-79.97475,337.06,0.4,0.37,2024-06-20,1839,N,VIIRS,n,2,297.74,4.52,D,0
-1.90309,-80.09749,330.17,0.41,0.37,2024-06-20,1839,N,VIIRS,n,2,299.13,2.47,D,0
-1.91278,-80.09232,348.71,0.41,0.37,2024-06-20,1839,N,VIIRS,n,2,298.82,7.33,D,0
-1.93747,-80.0703,333.99,0.41,0.37,2024-06-20,1839,N,VIIRS,n,2,297.75,1.67,D,0
-2.14826,-79.91911,335.96,0.4,0.37,2024-06-20,1839,N,VIIRS,n,2,297.97,1.12,D,0
-1.94173,-79.97509,329.29,0.5,0.66,2024-06-22,1802,N,VIIRS,n,2,288.62,9.4,D,0
-1.94301,-79.98085,329.14,0.5,0.66,2024-06-22,1802,N,VIIRS,n,2,288.05,7.55,D,0
-1.94233,-79.97624,354.05,0.5,0.66,2024-06-22,1802,N,VIIRS,n,2,289.14,11.48,D,0
-1.91048,-79.97483,330.05,0.5,0.66,2024-06-22,1802,N,VIIRS,n,2,289.05,2.27,D,0
-1.94244,-79.97968,350.06,0.5,0.66,2024-06-22,1802,N,VIIRS,n,2,288.47,8.27,D,0
-2.1779,-80.0406,305.13,0.38,0.36,2024-06-23,644,N,VIIRS,n,2,287.63,0.75,N,2
-1.99566,-79.75097,332.87,0.38,0.36,2024-06-25,1846,N,VIIRS,n,2,295.21,3.01,D,0
-1.88039,-79.87881,331.88,0.38,0.36,2024-06-25,1846,N,VIIRS,n,2,294.94,2.17,D,0
-1.92772,-80.02805,332.41,0.57,0.43,2024-06-26,1827,N,VIIRS,n,2,292.68,3.37,D,0
-1.86247,-80.01409,348.93,0.56,0.43,2024-06-26,1827,N,VIIRS,n,2,291.26,10.85,D,0
-2.02094,-79.79518,338.74,0.55,0.43,2024-06-26,1827,N,VIIRS,n,2,290.64,6.17,D,0
-2.05328,-79.94682,332.07,0.39,0.59,2024-06-27,1808,N,VIIRS,n,2,291.11,3.42,D,0
-1.89248,-80.00433,329.97,0.62,0.54,2024-07-04,1917,N,VIIRS,n,2,288.85,5.9,D,0
-1.88661,-79.99949,329.49,0.62,0.54,2024-07-04,1917,N,VIIRS,n,2,288.46,5.9,D,0
-2.10074,-79.7517,336.82,0.48,0.4,2024-07-05,1858,N,VIIRS,n,2,293.93,8.2,D,0
-2.10444,-79.75114,333.65,0.48,0.4,2024-07-05,1858,N,VIIRS,n,2,294.8,5.44,D,0
-1.89497,-80.00485,338.1,0.4,0.37,2024-07-06,1840,N,VIIRS,n,2,298.68,5.57,D,0
-1.92321,-80.0966,348.32,0.41,0.37,2024-07-16,1852,N,VIIRS,n,2,304.04,5.48,D,0
-1.91979,-80.09711,336.02,0.41,0.37,2024-07-16,1852,N,VIIRS,n,2,301.37,5.61,D,0
-1.90054,-80.04017,331.19,0.41,0.37,2024-07-16,1852,N,VIIRS,n,2,300.9,2.43,D,0
-1.89712,-80.04068,336.53,0.41,0.37,2024-07-16,1852,N,VIIRS,n,2,302.09,4.87,D,0
-2.0416,-80.05501,350.14,0.46,0.39,2024-07-17,1834,N,VIIRS,n,2,297.24,10.23,D,0
-1.93327,-79.93193,339.04,0.45,0.39,2024-07-17,1834,N,VIIRS,n,2,297.7,9.28,D,0
-1.93472,-79.99018,336.52,0.46,0.39,2024-07-17,1834,N,VIIRS,n,2,297.66,3.57,D,0
-2.07113,-80.00872,341.81,0.6,0.53,2024-07-18,1815,N,VIIRS,n,2,278.43,8.83,D,0
-2.0694,-80.01125,344.57,0.6,0.53,2024-07-18,1815,N,VIIRS,n,2,280.16,10.11,D,0
-2.03237,-79.98046,331.88,0.47,0.4,2024-07-21,1859,N,VIIRS,n,2,297.11,4.17,D,0
-1.97425,-79.77702,346.56,0.49,0.4,2024-07-21,1859,N,VIIRS,n,2,297.81,11.04,D,0
-1.97053,-79.77759,334.97,0.49,0.4,2024-07-21,1859,N,VIIRS,n,2,296.41,5.65,D,0
-1.95034,-79.93055,336.62,0.48,0.4,2024-07-21,1859,N,VIIRS,n,2,297.18,4.56,D,0
-1.95388,-79.9783,332.24,0.47,0.4,2024-07-21,1859,N,VIIRS,n,2,296.98,3.7,D,0
-1.95021,-79.97885,332.2,0.47,0.4,2024-07-21,1859,N,VIIRS,n,2,296.07,3.7,D,0
-1.90642,-80.05952,335.7,0.47,0.4,2024-07-21,1859,N,VIIRS,n,2,299.09,1.87,D,0
-1.86724,-79.96883,335.01,0.48,0.4,2024-07-21,1859,N,VIIRS,n,2,297.75,4.06,D,0
-1.8593,-80.04001,338.66,0.47,0.4,2024-07-21,1859,N,VIIRS,n,2,301.07,7.21,D,0
-1.86255,-80.06128,334.12,0.47,0.4,2024-07-21,1859,N,VIIRS,n,2,297.52,2.3,D,0
-2.30146,-80.04684,342.06,0.4,0.37,2024-07-22,1840,N,VIIRS,n,2,302.23,4.87,D,0
-2.29806,-80.04735,335.69,0.4,0.37,2024-07-22,1840,N,VIIRS,n,2,298.94,2.76,D,0
-2.28453,-80.0535,332.14,0.4,0.37,2024-07-22,1840,N,VIIRS,l,2,302.61,2.76,D,0
-2.22281,-80.05901,330.13,0.4,0.37,2024-07-22,1840,N,VIIRS,l,2,302.07,5.33,D,0
-2.22335,-80.06261,355.63,0.4,0.37,2024-07-22,1840,N,VIIRS,n,2,306.48,22.49,D,0
-2.07083,-79.78815,330.32,0.4,0.37,2024-07-22,1840,N,VIIRS,n,2,296.37,2.05,D,0
-2.0661,-80.01616,334.79,0.4,0.37,2024-07-22,1840,N,VIIRS,n,2,300.57,3.8,D,0
-2.06271,-80.01666,335.98,0.4,0.37,2024-07-22,1840,N,VIIRS,n,2,297.73,3.8,D,0
-1.96956,-79.78914,333.53,0.4,0.37,2024-07-22,1840,N,VIIRS,n,2,298.52,3.71,D,0
-1.97621,-79.87924,335.39,0.4,0.37,2024-07-22,1840,N,VIIRS,n,2,298.81,3.02,D,0
-1.97674,-79.8828,330.98,0.4,0.37,2024-07-22,1840,N,VIIRS,n,2,299.02,3.02,D,0
-1.97197,-79.92007,342.38,0.4,0.37,2024-07-22,1840,N,VIIRS,n,2,298.67,5.76,D,0
-1.974,-80.02618,333.36,0.4,0.37,2024-07-22,1840,N,VIIRS,n,2,299.5,0.93,D,0
-1.89093,-80.0759,335.74,0.4,0.37,2024-07-22,1840,N,VIIRS,n,2,301.83,1.5,D,0
-2.2876,-80.0414,342.62,0.47,0.48,2024-07-23,1821,N,VIIRS,n,2,297.81,7.59,D,0
-2.10387,-80.00881,340.32,0.47,0.47,2024-07-23,1821,N,VIIRS,n,2,296.93,7.95,D,0
-1.90394,-80.01994,336.36,0.46,0.47,2024-07-23,1821,N,VIIRS,n,2,296.73,4.64,D,0
-2.17896,-80.04165,308.35,0.41,0.37,2024-07-30,651,N,VIIRS,n,2,290.24,1.0,N,2
-2.17552,-80.04125,302.93,0.41,0.37,2024-07-30,651,N,VIIRS,n,2,289.91,0.61,N,2
-2.01091,-79.79777,337.07,0.51,0.49,2024-07-31,1911,N,VIIRS,n,2,295.24,5.01,D,0
-2.09174,-79.98479,341.87,0.49,0.49,2024-07-31,1911,N,VIIRS,n,2,291.41,12.61,D,0
-1.89895,-79.98038,330.11,0.5,0.49,2024-07-31,1912,N,VIIRS,n,2,293.4,3.54,D,0
-2.01089,-79.79706,345.72,0.51,0.49,2024-07-31,1912,N,VIIRS,n,2,296.18,6.84,D,0
-1.97328,-80.00217,335.14,0.49,0.49,2024-07-31,1912,N,VIIRS,n,2,293.15,3.63,D,0
-1.94312,-79.92868,337.08,0.5,0.49,2024-07-31,1912,N,VIIRS,n,2,292.33,3.15,D,0
-1.91831,-79.91859,331.07,0.5,0.49,2024-07-31,1912,N,VIIRS,n,2,294.1,3.93,D,0
-1.90998,-79.92447,344.27,0.5,0.49,2024-07-31,1912,N,VIIRS,n,2,294.82,7.33,D,0
-1.90866,-79.92356,347.37,0.5,0.49,2024-07-31,1912,N,VIIRS,n,2,294.7,10.38,D,0
-1.8915,-79.92973,332.95,0.41,0.37,2024-08-01,1853,N,VIIRS,n,2,294.68,1.36,D,0
-1.89444,-80.08082,330.27,0.41,0.37,2024-08-01,1853,N,VIIRS,l,2,302.55,1.75,D,0
-1.89102,-80.08133,334.52,0.41,0.37,2024-08-01,1853,N,VIIRS,n,2,301.56,1.75,D,0
-1.85991,-79.99182,330.37,0.41,0.37,2024-08-01,1853,N,VIIRS,n,2,298.38,2.3,D,0
-1.86041,-80.01817,346.79,0.41,0.37,2024-08-01,1853,N,VIIRS,n,2,300.26,11.6,D,0
-1.90412,-79.89745,340.15,0.41,0.37,2024-08-01,1853,N,VIIRS,n,2,299.01,3.72,D,0
-1.92187,-79.92136,333.96,0.41,0.37,2024-08-01,1853,N,VIIRS,n,2,296.57,3.81,D,0
-1.93842,-79.96056,332.91,0.41,0.37,2024-08-01,1853,N,VIIRS,n,2,296.89,2.09,D,0
-1.94185,-79.96004,331.73,0.41,0.37,2024-08-01,1853,N,VIIRS,n,2,295.32,2.09,D,0
-2.01784,-80.06886,352.13,0.41,0.37,2024-08-01,1853,N,VIIRS,n,2,300.9,7.35,D,0
-2.02126,-80.06834,343.89,0.41,0.37,2024-08-01,1853,N,VIIRS,n,2,299.68,4.18,D,0
-2.03046,-79.99166,336.12,0.41,0.37,2024-08-01,1853,N,VIIRS,n,2,297.25,2.38,D,0
-2.01341,-79.81209,330.93,0.42,0.37,2024-08-01,1853,N,VIIRS,n,2,293.95,1.82,D,0
-1.94129,-79.95634,332.47,0.41,0.37,2024-08-01,1853,N,VIIRS,n,2,297.23,6.76,D,0
-1.95159,-79.95479,339.95,0.41,0.37,2024-08-01,1853,N,VIIRS,n,2,297.75,4.39,D,0
-2.17725,-80.04308,312.78,0.4,0.37,2024-08-05,638,N,VIIRS,n,2,289.62,1.21,N,2
-1.94973,-79.91794,367.0,0.32,0.55,2024-08-05,1918,N,VIIRS,h,2,294.32,13.91,D,0
-1.96631,-79.89149,331.17,0.32,0.55,2024-08-05,1918,N,VIIRS,n,2,292.31,3.66,D,0
-1.95478,-79.78446,333.78,0.33,0.55,2024-08-05,1918,N,VIIRS,n,2,290.5,2.25,D,0
-1.95713,-79.78416,337.55,0.33,0.55,2024-08-05,1918,N,VIIRS,n,2,291.28,3.73,D,0
-1.96588,-79.77368,341.13,0.33,0.55,2024-08-05,1918,N,VIIRS,n,2,291.81,5.06,D,0
-1.96539,-79.7707,341.4,0.33,0.55,2024-08-05,1918,N,VIIRS,n,2,291.59,4.92,D,0
-2.30484,-80.03171,339.74,0.62,0.54,2024-08-05,1918,N,VIIRS,n,2,292.73,6.43,D,0
-2.30474,-80.0327,341.64,0.62,0.54,2024-08-05,1918,N,VIIRS,n,2,293.46,12.89,D,0
-2.29692,-80.08012,331.09,0.62,0.54,2024-08-05,1918,N,VIIRS,n,2,293.26,4.4,D,0
-1.99886,-79.78888,334.9,0.4,0.44,2024-08-11,1905,N,VIIRS,n,2,291.73,4.23,D,0
-2.07961,-79.80178,333.76,0.4,0.44,2024-08-11,1905,N,VIIRS,n,2,292.05,2.89,D,0
-1.85706,-79.89198,338.11,0.4,0.44,2024-08-11,1905,N,VIIRS,n,2,294.26,4.03,D,0
-1.85678,-79.96889,344.6,0.39,0.44,2024-08-11,1905,N,VIIRS,n,2,298.63,18.32,D,0
-1.85646,-79.966,338.77,0.39,0.44,2024-08-11,1905,N,VIIRS,n,2,295.33,8.97,D,0
-1.857,-79.96957,341.25,0.39,0.44,2024-08-11,1905,N,VIIRS,n,2,298.37,8.97,D,0
-1.9185,-79.93767,343.58,0.4,0.44,2024-08-11,1905,N,VIIRS,n,2,294.01,6.28,D,0
-1.92051,-79.97741,334.74,0.39,0.44,2024-08-11,1905,N,VIIRS,n,2,291.59,1.88,D,0
-2.00493,-80.00569,345.11,0.38,0.36,2024-08-12,1846,N,VIIRS,n,2,299.92,5.0,D,0
-1.90396,-79.9678,337.05,0.38,0.36,2024-08-12,1846,N,VIIRS,n,2,299.97,3.13,D,0
-1.98806,-79.78857,334.89,0.39,0.36,2024-08-12,1846,N,VIIRS,n,2,297.64,2.25,D,0
-2.08767,-79.9965,348.05,0.38,0.36,2024-08-12,1846,N,VIIRS,n,2,301.99,8.43,D,0
-2.12684,-80.01106,339.06,0.38,0.36,2024-08-12,1846,N,VIIRS,n,2,302.01,3.32,D,0
-2.12632,-80.00761,334.45,0.38,0.36,2024-08-12,1846,N,VIIRS,n,2,302.6,3.32,D,0
-2.10564,-79.75958,337.59,0.39,0.36,2024-08-12,1846,N,VIIRS,n,2,296.45,4.06,D,0
-1.9374,-79.94159,345.89,0.38,0.36,2024-08-12,1846,N,VIIRS,n,2,300.72,13.3,D,0
-1.95,-79.95738,336.23,0.38,0.36,2024-08-12,1846,N,VIIRS,n,2,298.27,4.07,D,0
-1.9383,-79.76799,336.02,0.39,0.36,2024-08-12,1846,N,VIIRS,n,2,296.61,8.43,D,0
-1.98206,-79.89954,342.71,0.38,0.36,2024-08-12,1846,N,VIIRS,n,2,298.39,5.52,D,0
-2.00161,-80.0062,344.87,0.38,0.36,2024-08-12,1846,N,VIIRS,n,2,297.81,12.01,D,0
-2.00545,-80.00915,334.34,0.38,0.36,2024-08-12,1846,N,VIIRS,n,2,298.95,5.0,D,0
-1.89455,-79.96996,331.29,0.38,0.36,2024-08-12,1847,N,VIIRS,n,2,297.23,1.35,D,0
-2.17842,-80.04156,303.42,0.41,0.37,2024-08-15,651,N,VIIRS,n,2,289.85,0.89,N,2
-2.01595,-79.85332,317.65,0.42,0.38,2024-08-15,651,N,VIIRS,n,2,290.65,1.39,N,0
-2.04898,-79.79418,341.19,0.54,0.68,2024-08-15,1930,N,VIIRS,n,2,290.28,8.6,D,0
-1.90025,-79.85105,329.41,0.53,0.67,2024-08-15,1930,N,VIIRS,n,2,289.48,3.7,D,0
-2.07812,-79.96729,301.78,0.45,0.39,2024-08-16,632,N,VIIRS,n,2,289.83,0.46,N,0
-2.10385,-80.08239,310.32,0.45,0.39,2024-08-16,632,N,VIIRS,n,2,289.35,0.9,N,0
-1.99975,-79.81496,335.5,0.51,0.49,2024-08-16,1912,N,VIIRS,n,2,290.15,2.73,D,0
-1.85608,-80.01273,339.51,0.41,0.37,2024-08-17,1853,N,VIIRS,n,2,301.64,3.94,D,0
-1.85264,-80.01325,338.26,0.41,0.37,2024-08-17,1853,N,VIIRS,n,2,298.7,3.94,D,0
-2.15807,-79.76333,340.69,0.44,0.39,2024-08-18,1834,N,VIIRS,n,2,300.29,5.44,D,0
-2.06453,-79.7646,334.7,0.44,0.39,2024-08-18,1834,N,VIIRS,n,2,300.37,3.87,D,0
-2.05803,-79.76962,330.85,0.44,0.39,2024-08-18,1834,N,VIIRS,n,2,298.81,3.48,D,0
-1.98997,-79.80003,333.85,0.44,0.39,2024-08-18,1834,N,VIIRS,n,2,301.06,10.98,D,0
-1.99469,-79.95521,331.21,0.45,0.39,2024-08-18,1834,N,VIIRS,n,2,300.13,1.76,D,0
-1.96069,-79.93455,334.96,0.45,0.39,2024-08-18,1834,N,VIIRS,n,2,299.47,2.83,D,0
-1.95711,-79.93508,336.85,0.45,0.39,2024-08-18,1834,N,VIIRS,n,2,299.85,2.83,D,0
-1.92459,-80.08531,346.46,0.46,0.39,2024-08-18,1834,N,VIIRS,n,2,303.24,4.88,D,0
-1.91857,-80.06947,332.39,0.45,0.39,2024-08-18,1834,N,VIIRS,n,2,301.46,2.52,D,0
-1.92099,-80.08585,335.99,0.46,0.39,2024-08-18,1834,N,VIIRS,n,2,300.76,4.88,D,0
-1.9727,-80.00004,349.91,0.59,0.53,2024-08-19,1815,N,VIIRS,n,2,295.74,12.87,D,0
-1.92358,-79.93688,342.94,0.58,0.52,2024-08-19,1815,N,VIIRS,n,2,296.18,8.14,D,0
-1.9539,-79.92915,338.81,0.48,0.4,2024-08-22,1859,N,VIIRS,n,2,295.72,5.4,D,0
-1.94919,-79.94758,336.27,0.48,0.4,2024-08-22,1859,N,VIIRS,n,2,294.9,3.12,D,0
-1.92065,-79.93417,333.95,0.48,0.4,2024-08-22,1859,N,VIIRS,n,2,294.69,3.58,D,0
-1.91701,-79.9474,346.11,0.46,0.47,2024-08-24,1821,N,VIIRS,n,2,294.22,6.56,D,0
-1.9623,-79.98292,335.31,0.46,0.47,2024-08-24,1821,N,VIIRS,n,2,294.48,3.5,D,0
-1.93807,-79.96957,346.54,0.46,0.47,2024-08-24,1821,N,VIIRS,n,2,293.25,6.43,D,0
-1.91549,-80.05778,333.39,0.46,0.47,2024-08-24,1821,N,VIIRS,n,2,295.84,2.56,D,0
-1.8877,-79.98965,339.09,0.46,0.47,2024-08-24,1821,N,VIIRS,n,2,290.57,2.09,D,0
-1.88323,-79.9351,344.79,0.45,0.47,2024-08-24,1821,N,VIIRS,n,2,294.25,7.14,D,0
-1.89145,-79.98853,344.14,0.46,0.47,2024-08-24,1821,N,VIIRS,n,2,294.8,4.05,D,0
-1.8789,-79.93574,331.55,0.45,0.47,2024-08-24,1821,N,VIIRS,n,2,290.92,3.4,D,0
-1.89205,-79.98899,339.63,0.46,0.47,2024-08-24,1821,N,VIIRS,n,2,293.53,1.68,D,0
-1.87989,-79.93606,346.22,0.45,0.47,2024-08-24,1821,N,VIIRS,n,2,294.06,9.7,D,0
-1.95413,-79.76952,334.35,0.47,0.64,2024-08-25,1802,N,VIIRS,n,2,286.63,3.54,D,0
-1.94128,-79.80639,341.16,0.47,0.64,2024-08-25,1802,N,VIIRS,n,2,286.48,6.68,D,0
-1.94378,-79.80538,332.41,0.47,0.64,2024-08-25,1803,N,VIIRS,n,2,286.55,6.32,D,0
-1.94443,-79.80968,335.1,0.47,0.64,2024-08-25,1803,N,VIIRS,n,2,286.7,4.68,D,0
-1.90245,-79.89523,334.84,0.48,0.64,2024-08-25,1803,N,VIIRS,n,2,286.74,2.72,D,0
-1.89448,-79.9678,330.83,0.41,0.61,2024-08-26,1924,N,VIIRS,n,2,291.44,1.78,D,0
-1.90679,-80.041,337.33,0.38,0.36,2024-08-28,1846,N,VIIRS,n,2,300.76,1.84,D,0
-1.87059,-80.07112,335.84,0.38,0.36,2024-08-28,1846,N,VIIRS,n,2,302.03,2.49,D,0
-1.94871,-79.87488,336.05,0.39,0.36,2024-08-28,1846,N,VIIRS,n,2,299.55,4.67,D,0
-1.94818,-79.87142,333.0,0.39,0.36,2024-08-28,1846,N,VIIRS,n,2,297.73,4.67,D,0
-1.98036,-80.06083,335.7,0.38,0.36,2024-08-28,1846,N,VIIRS,n,2,299.93,1.71,D,0
-1.94256,-79.81211,330.56,0.39,0.36,2024-08-28,1846,N,VIIRS,n,2,300.13,3.5,D,0
-1.97267,-79.78635,334.63,0.39,0.36,2024-08-28,1846,N,VIIRS,n,2,299.92,7.66,D,0
-2.02913,-80.04646,333.94,0.38,0.36,2024-08-28,1846,N,VIIRS,n,2,300.05,2.76,D,0
-2.05804,-79.76926,334.9,0.39,0.36,2024-08-28,1846,N,VIIRS,n,2,298.77,6.23,D,0
-2.10965,-80.01955,337.99,0.38,0.36,2024-08-28,1846,N,VIIRS,n,2,301.51,6.77,D,0
-2.10913,-80.0161,348.8,0.38,0.36,2024-08-28,1846,N,VIIRS,n,2,306.34,6.77,D,0
-2.14639,-79.7522,335.94,0.39,0.36,2024-08-28,1846,N,VIIRS,n,2,299.1,3.52,D,0
-2.15516,-79.76505,339.07,0.39,0.36,2024-08-28,1846,N,VIIRS,n,2,300.88,2.68,D,0
-1.97372,-79.80062,347.15,0.53,0.42,2024-08-29,1828,N,VIIRS,n,2,299.21,10.34,D,0
-2.02103,-80.00788,339.11,0.55,0.43,2024-08-29,1828,N,VIIRS,n,2,299.06,7.37,D,0
-2.0203,-80.00303,340.53,0.55,0.43,2024-08-29,1828,N,VIIRS,n,2,300.38,10.47,D,0
-2.02125,-79.98286,332.35,0.55,0.43,2024-08-29,1828,N,VIIRS,n,2,300.33,12.41,D,0
-2.02048,-79.97778,353.93,0.55,0.43,2024-08-29,1828,N,VIIRS,n,2,303.12,12.41,D,0
-2.02517,-79.98225,334.94,0.55,0.43,2024-08-29,1828,N,VIIRS,n,2,300.48,12.41,D,0
-2.02439,-79.97717,336.27,0.55,0.43,2024-08-29,1828,N,VIIRS,n,2,302.58,12.41,D,0
-1.99626,-79.7924,333.51,0.53,0.42,2024-08-29,1828,N,VIIRS,n,2,299.01,6.24,D,0
-1.99552,-79.78758,351.3,0.53,0.42,2024-08-29,1828,N,VIIRS,n,2,303.67,29.03,D,0
-2.02082,-79.82329,348.36,0.54,0.42,2024-08-29,1828,N,VIIRS,n,2,302.45,18.22,D,0
-2.01747,-79.82175,335.72,0.54,0.42,2024-08-29,1828,N,VIIRS,n,2,300.12,9.78,D,0
-2.02136,-79.82117,336.48,0.54,0.42,2024-08-29,1828,N,VIIRS,n,2,301.41,9.78,D,0
-2.07296,-80.00883,336.68,0.55,0.43,2024-08-29,1828,N,VIIRS,n,2,298.2,9.93,D,0
-2.07457,-79.77883,333.95,0.53,0.42,2024-08-29,1828,N,VIIRS,n,2,298.75,5.74,D,0
-1.85529,-79.94006,331.57,0.54,0.42,2024-08-29,1828,N,VIIRS,n,2,298.26,2.58,D,0
-1.87951,-80.02191,333.6,0.55,0.43,2024-08-29,1828,N,VIIRS,n,2,299.08,2.54,D,0
-1.98201,-80.06953,330.56,0.55,0.43,2024-08-29,1828,N,VIIRS,n,2,299.77,3.86,D,0
-1.92333,-79.91505,330.07,0.54,0.42,2024-08-29,1828,N,VIIRS,n,2,298.93,2.36,D,0
-1.92349,-79.89014,337.12,0.54,0.42,2024-08-29,1828,N,VIIRS,n,2,299.31,6.17,D,0
-1.92376,-79.89209,337.64,0.54,0.42,2024-08-29,1828,N,VIIRS,n,2,300.31,3.95,D,0
-2.19071,-79.76244,335.33,0.37,0.58,2024-08-30,1809,N,VIIRS,n,2,296.7,3.2,D,0
-2.18782,-79.76401,334.16,0.37,0.58,2024-08-30,1809,N,VIIRS,n,2,294.73,3.55,D,0
-2.08735,-80.0228,335.67,0.38,0.59,2024-08-30,1809,N,VIIRS,n,2,296.94,4.53,D,0
-1.99955,-79.76523,332.12,0.37,0.58,2024-08-30,1809,N,VIIRS,n,2,294.97,2.04,D,0
-2.01933,-79.97586,337.11,0.38,0.59,2024-08-30,1809,N,VIIRS,n,2,296.94,4.72,D,0
-2.02283,-79.97437,341.36,0.38,0.59,2024-08-30,1809,N,VIIRS,n,2,298.15,6.07,D,0
-1.94582,-79.94082,330.59,0.37,0.58,2024-08-30,1809,N,VIIRS,n,2,296.38,2.38,D,0
-1.97873,-79.96896,307.91,0.41,0.37,2024-08-31,651,N,VIIRS,n,2,289.88,1.01,N,0
-2.0776,-79.96604,300.24,0.45,0.39,2024-09-01,632,N,VIIRS,n,2,289.8,0.65,N,0
-1.89331,-80.09087,332.91,0.41,0.37,2024-09-02,1853,N,VIIRS,l,2,303.3,1.65,D,0
-1.89421,-79.93617,342.06,0.41,0.37,2024-09-02,1853,N,VIIRS,n,2,300.83,11.16,D,0
-1.92918,-79.80482,333.56,0.42,0.37,2024-09-02,1853,N,VIIRS,n,2,295.56,3.91,D,0
-1.9786,-79.80502,330.73,0.42,0.37,2024-09-02,1853,N,VIIRS,n,2,297.66,1.65,D,0
-1.97803,-79.80128,331.15,0.42,0.37,2024-09-02,1853,N,VIIRS,n,2,300.23,5.4,D,0
-2.03255,-79.99799,334.29,0.41,0.37,2024-09-02,1853,N,VIIRS,n,2,300.05,3.68,D,0
-2.26051,-80.07523,332.26,0.41,0.37,2024-09-02,1853,N,VIIRS,l,2,302.31,63.24,D,0
-2.09303,-80.08615,341.85,0.63,0.72,2024-09-05,1756,N,VIIRS,n,2,289.34,8.35,D,0
-1.98273,-80.00125,337.26,0.66,0.73,2024-09-05,1937,N,VIIRS,n,2,289.97,6.62,D,0
-1.9813,-80.00089,330.87,0.66,0.73,2024-09-05,1937,N,VIIRS,n,2,289.56,5.98,D,0
-1.92962,-79.80786,339.6,0.33,0.55,2024-09-06,1918,N,VIIRS,n,2,293.54,4.21,D,0
-1.91254,-79.98294,340.07,0.63,0.54,2024-09-06,1918,N,VIIRS,n,2,293.24,13.2,D,0
-2.24324,-80.09975,334.99,0.61,0.54,2024-09-06,1918,N,VIIRS,n,2,295.54,6.72,D,0
-2.15057,-79.7505,336.53,0.33,0.55,2024-09-06,1918,N,VIIRS,n,2,294.19,3.88,D,0
-1.97572,-79.77051,356.09,0.33,0.55,2024-09-06,1918,N,VIIRS,n,2,294.2,5.63,D,0
-2.33762,-80.05622,331.74,0.47,0.4,2024-09-07,1859,N,VIIRS,n,2,295.21,3.29,D,0
-2.28695,-80.08973,335.81,0.47,0.39,2024-09-07,1859,N,VIIRS,n,2,296.42,5.15,D,0
-2.28761,-80.0939,343.63,0.47,0.39,2024-09-07,1859,N,VIIRS,n,2,296.37,5.15,D,0
-1.93836,-79.90982,342.37,0.48,0.4,2024-09-07,1859,N,VIIRS,n,2,296.95,7.82,D,0
-1.94321,-80.00854,330.77,0.48,0.4,2024-09-07,1859,N,VIIRS,n,2,295.2,2.86,D,0
-1.94084,-80.09162,336.93,0.47,0.4,2024-09-07,1859,N,VIIRS,n,2,298.76,7.08,D,0
-1.94148,-80.09586,331.22,0.47,0.4,2024-09-07,1859,N,VIIRS,n,2,294.62,4.96,D,0
-1.92495,-80.09309,338.84,0.4,0.37,2024-09-08,1840,N,VIIRS,n,2,303.94,6.34,D,0
-1.93963,-79.91502,336.84,0.4,0.37,2024-09-08,1840,N,VIIRS,n,2,299.32,2.99,D,0
-1.97751,-80.07407,367.0,0.4,0.37,2024-09-08,1840,N,VIIRS,h,2,302.2,14.05,D,0
-2.09705,-80.05939,336.05,0.4,0.37,2024-09-08,1840,N,VIIRS,l,2,292.66,5.14,D,0
-2.33439,-80.05611,333.22,0.4,0.37,2024-09-08,1840,N,VIIRS,l,2,301.65,3.55,D,0
-2.33887,-80.06282,334.93,0.4,0.37,2024-09-08,1840,N,VIIRS,l,2,300.67,3.43,D,0
-2.33833,-80.05921,334.83,0.4,0.37,2024-09-08,1840,N,VIIRS,l,2,300.51,3.43,D,0
-2.34458,-80.05459,337.76,0.4,0.37,2024-09-08,1840,N,VIIRS,n,2,300.66,4.25,D,0
-2.34905,-80.06132,332.51,0.4,0.37,2024-09-08,1840,N,VIIRS,l,2,300.13,3.69,D,0
-2.01973,-79.9641,345.06,0.46,0.47,2024-09-09,1821,N,VIIRS,n,2,296.79,5.74,D,0
-1.97351,-80.07378,332.32,0.47,0.48,2024-09-09,1821,N,VIIRS,n,2,294.92,3.19,D,0
-1.94261,-79.92488,343.33,0.46,0.47,2024-09-09,1821,N,VIIRS,n,2,295.46,7.92,D,0
-1.94183,-79.98017,334.97,0.46,0.47,2024-09-09,1821,N,VIIRS,n,2,290.63,3.41,D,0
-2.06607,-79.99741,330.19,0.4,0.6,2024-09-11,1924,N,VIIRS,n,2,296.01,2.62,D,0
-2.03135,-79.9591,330.14,0.4,0.6,2024-09-11,1924,N,VIIRS,n,2,294.21,2.65,D,0
-1.94987,-79.94041,332.01,0.41,0.6,2024-09-11,1924,N,VIIRS,n,2,294.38,2.4,D,0
-1.89614,-79.85674,341.43,0.41,0.61,2024-09-11,1924,N,VIIRS,n,2,294.04,3.89,D,0
-1.8907,-79.96469,345.96,0.41,0.6,2024-09-11,1924,N,VIIRS,n,2,294.76,7.47,D,0
-1.86141,-80.05396,336.09,0.4,0.6,2024-09-11,1924,N,VIIRS,n,2,295.05,2.3,D,0
-2.09525,-80.0125,304.29,0.55,0.42,2024-09-12,625,N,VIIRS,n,2,290.19,1.02,N,0
-2.09473,-80.01449,305.91,0.55,0.42,2024-09-12,625,N,VIIRS,n,2,290.28,1.07,N,0
-1.8537,-80.05269,340.42,0.39,0.44,2024-09-12,1905,N,VIIRS,n,2,297.76,2.51,D,0
-1.85597,-79.75039,335.17,0.4,0.44,2024-09-12,1905,N,VIIRS,n,2,298.43,2.24,D,0
-1.89804,-79.96717,333.72,0.39,0.44,2024-09-12,1905,N,VIIRS,n,2,299.33,2.95,D,0
-1.89497,-79.92066,337.35,0.39,0.44,2024-09-12,1905,N,VIIRS,n,2,300.25,3.36,D,0
-1.93892,-80.07178,344.03,0.38,0.43,2024-09-12,1905,N,VIIRS,n,2,301.62,3.41,D,0
-1.90673,-79.835,335.82,0.4,0.44,2024-09-12,1905,N,VIIRS,n,2,298.03,2.38,D,0
-1.92768,-79.94464,332.15,0.39,0.44,2024-09-12,1905,N,VIIRS,n,2,299.12,3.22,D,0
-1.93172,-79.94402,340.85,0.39,0.44,2024-09-12,1905,N,VIIRS,n,2,299.62,3.22,D,0
-1.90796,-79.76109,334.68,0.4,0.44,2024-09-12,1905,N,VIIRS,n,2,296.96,5.34,D,0
-1.91207,-79.7605,342.39,0.4,0.44,2024-09-12,1905,N,VIIRS,n,2,301.41,5.34,D,0
-1.91105,-79.75997,347.37,0.4,0.44,2024-09-12,1905,N,VIIRS,n,2,302.29,12.18,D,0
-2.02653,-79.9655,342.82,0.39,0.44,2024-09-12,1905,N,VIIRS,n,2,299.54,4.14,D,0
-2.02598,-79.96194,334.03,0.39,0.44,2024-09-12,1905,N,VIIRS,n,2,299.44,4.14,D,0
-2.03058,-79.96499,343.02,0.39,0.44,2024-09-12,1905,N,VIIRS,n,2,297.95,6.33,D,0
-2.03005,-79.96152,344.55,0.39,0.44,2024-09-12,1905,N,VIIRS,n,2,300.39,6.33,D,0
-2.04362,-79.75817,335.55,0.4,0.44,2024-09-12,1905,N,VIIRS,n,2,300.48,4.62,D,0
-2.18516,-79.75813,341.71,0.4,0.44,2024-09-12,1905,N,VIIRS,n,2,300.4,6.12,D,0
-2.20537,-79.78073,341.89,0.4,0.44,2024-09-12,1905,N,VIIRS,n,2,298.21,6.53,D,0
-2.20481,-79.77715,344.5,0.4,0.44,2024-09-12,1905,N,VIIRS,n,2,300.41,8.67,D,0
-2.20999,-79.78368,341.22,0.4,0.44,2024-09-12,1905,N,VIIRS,n,2,297.79,7.29,D,0
-2.09723,-80.02069,314.78,0.37,0.58,2024-09-13,606,N,VIIRS,n,2,289.27,0.92,N,0
-2.099,-80.02103,319.24,0.37,0.58,2024-09-13,606,N,VIIRS,n,2,289.1,2.08,N,0
-2.0967,-80.02397,302.16,0.38,0.58,2024-09-13,606,N,VIIRS,n,2,289.04,0.92,N,0
-2.20908,-79.77979,339.35,0.38,0.36,2024-09-13,1846,N,VIIRS,n,2,302.17,4.76,D,0
-2.03085,-79.96351,335.67,0.38,0.36,2024-09-13,1846,N,VIIRS,n,2,301.04,1.22,D,0
-1.97932,-80.06673,330.97,0.38,0.36,2024-09-13,1846,N,VIIRS,n,2,300.74,1.76,D,0
-1.97321,-80.07117,330.79,0.38,0.36,2024-09-13,1846,N,VIIRS,n,2,300.24,2.33,D,0
-1.92297,-79.80695,332.49,0.39,0.36,2024-09-13,1846,N,VIIRS,n,2,297.26,6.11,D,0
-1.92189,-79.93427,333.41,0.38,0.36,2024-09-13,1846,N,VIIRS,n,2,299.85,2.01,D,0
-1.91857,-79.93476,334.52,0.38,0.36,2024-09-13,1846,N,VIIRS,n,2,299.48,2.01,D,0
-1.91315,-79.92145,333.08,0.38,0.36,2024-09-13,1846,N,VIIRS,n,2,298.37,1.37,D,0
-1.90299,-80.01118,334.78,0.38,0.36,2024-09-13,1846,N,VIIRS,n,2,302.49,3.15,D,0
-1.89548,-79.98409,330.66,0.38,0.36,2024-09-13,1846,N,VIIRS,n,2,301.0,2.02,D,0
-1.90019,-80.01512,334.47,0.38,0.36,2024-09-13,1846,N,VIIRS,n,2,299.65,1.43,D,0
-1.88483,-79.93629,334.8,0.38,0.36,2024-09-13,1846,N,VIIRS,n,2,300.9,5.76,D,0
-1.8815,-79.93678,334.99,0.38,0.36,2024-09-13,1846,N,VIIRS,n,2,300.23,14.42,D,0
-1.86857,-79.89635,331.47,0.38,0.36,2024-09-13,1846,N,VIIRS,n,2,298.77,2.54,D,0
-1.9465,-79.80917,336.66,0.37,0.58,2024-09-15,1808,N,VIIRS,n,2,294.44,4.08,D,0
-2.2259,-80.09528,333.0,0.5,0.66,2024-09-16,1930,N,VIIRS,n,2,289.5,5.73,D,0
-2.22513,-80.0907,348.42,0.5,0.66,2024-09-16,1930,N,VIIRS,n,2,288.52,11.48,D,0
-2.01169,-79.82273,330.44,0.53,0.67,2024-09-16,1930,N,VIIRS,n,2,289.46,5.5,D,0
-2.226,-80.09534,330.74,0.5,0.66,2024-09-16,1930,N,VIIRS,n,2,289.24,6.01,D,0
-2.22526,-80.09075,351.49,0.5,0.66,2024-09-16,1930,N,VIIRS,n,2,288.77,10.29,D,0
-2.17771,-80.04044,313.52,0.45,0.39,2024-09-17,631,N,VIIRS,n,2,290.96,1.65,N,2
-2.29196,-80.04193,352.6,0.48,0.48,2024-09-17,1911,N,VIIRS,n,2,300.95,12.88,D,0
-2.29266,-80.04624,348.74,0.48,0.48,2024-09-17,1911,N,VIIRS,n,2,300.77,6.34,D,0
-2.29336,-80.05058,336.48,0.48,0.48,2024-09-17,1911,N,VIIRS,n,2,299.19,6.34,D,0
-2.29406,-80.05491,331.97,0.48,0.48,2024-09-17,1911,N,VIIRS,n,2,299.43,2.33,D,0
-2.29294,-80.04103,334.59,0.48,0.48,2024-09-17,1911,N,VIIRS,n,2,300.46,5.37,D,0
-2.2936,-80.04536,348.03,0.48,0.48,2024-09-17,1911,N,VIIRS,n,2,301.07,14.02,D,0
-2.28849,-80.04163,331.87,0.48,0.48,2024-09-17,1911,N,VIIRS,n,2,300.55,5.37,D,0
-2.2905,-80.05468,336.21,0.48,0.48,2024-09-17,1911,N,VIIRS,n,2,301.6,3.79,D,0
-2.06472,-80.02645,342.05,0.48,0.48,2024-09-17,1911,N,VIIRS,n,2,299.05,13.21,D,0
-2.06243,-80.03048,341.84,0.48,0.48,2024-09-17,1911,N,VIIRS,n,2,298.45,12.82,D,0
-1.97563,-79.94445,330.4,0.49,0.49,2024-09-17,1911,N,VIIRS,n,2,298.45,3.19,D,0
-1.89712,-79.98198,340.86,0.49,0.49,2024-09-17,1911,N,VIIRS,n,2,298.65,5.0,D,0
-1.90586,-80.06631,347.79,0.48,0.48,2024-09-17,1911,N,VIIRS,n,2,299.32,4.89,D,0
-1.86152,-80.04614,342.42,0.49,0.48,2024-09-17,1911,N,VIIRS,n,2,298.77,4.65,D,0
-1.86341,-80.08624,346.43,0.48,0.48,2024-09-17,1911,N,VIIRS,n,2,301.16,5.15,D,0
-1.85878,-80.04573,346.25,0.49,0.48,2024-09-17,1911,N,VIIRS,n,2,300.6,7.03,D,0
-1.86484,-80.08527,336.42,0.48,0.48,2024-09-17,1911,N,VIIRS,n,2,300.35,3.43,D,0
-1.86039,-80.08596,336.66,0.48,0.48,2024-09-17,1911,N,VIIRS,n,2,300.72,4.51,D,0
-1.94968,-80.01291,330.94,0.41,0.37,2024-09-18,1852,N,VIIRS,l,2,302.41,2.99,D,0
-1.90893,-79.88367,337.7,0.41,0.37,2024-09-18,1852,N,VIIRS,n,2,298.41,4.37,D,0
-1.90996,-79.95887,342.08,0.41,0.37,2024-09-18,1852,N,VIIRS,n,2,300.13,5.05,D,0
-1.90024,-79.98661,335.54,0.41,0.37,2024-09-18,1852,N,VIIRS,n,2,300.32,4.07,D,0
-1.87065,-79.90832,337.1,0.41,0.37,2024-09-18,1852,N,VIIRS,n,2,299.63,5.3,D,0
-1.8679,-79.90861,343.8,0.41,0.37,2024-09-18,1852,N,VIIRS,n,2,298.76,5.42,D,0
-2.29149,-80.05691,345.1,0.4,0.37,2024-09-18,1852,N,VIIRS,n,2,304.43,27.25,D,0
-2.29021,-80.09418,341.39,0.4,0.37,2024-09-18,1852,N,VIIRS,n,2,302.86,2.62,D,0
-2.17725,-80.04119,333.16,0.41,0.37,2024-09-18,1852,N,VIIRS,n,2,302.18,2.7,D,2
-2.01688,-80.01752,340.42,0.41,0.37,2024-09-18,1852,N,VIIRS,n,2,299.91,1.95,D,0
-2.01347,-80.01804,331.15,0.41,0.37,2024-09-18,1852,N,VIIRS,n,2,300.17,1.95,D,0
-1.99976,-80.04231,333.71,0.41,0.37,2024-09-18,1852,N,VIIRS,n,2,302.19,2.37,D,0
-2.29753,-80.0555,330.0,0.46,0.39,2024-09-19,1833,N,VIIRS,l,2,297.72,1.92,D,0
-2.33385,-80.05028,351.55,0.46,0.39,2024-09-19,1833,N,VIIRS,n,2,299.89,8.1,D,0
-2.33322,-80.04613,355.76,0.46,0.39,2024-09-19,1833,N,VIIRS,n,2,300.97,18.58,D,0
-1.85776,-79.90733,331.97,0.45,0.39,2024-09-19,1833,N,VIIRS,l,2,296.16,3.27,D,0
-2.33748,-80.04974,348.35,0.46,0.39,2024-09-19,1833,N,VIIRS,n,2,300.24,8.1,D,0
-2.33819,-80.05036,335.73,0.46,0.39,2024-09-19,1833,N,VIIRS,n,2,298.65,4.52,D,0
-2.33395,-80.04676,367.0,0.46,0.39,2024-09-19,1833,N,VIIRS,h,2,301.77,20.51,D,0
-2.33456,-80.05092,347.67,0.46,0.39,2024-09-19,1833,N,VIIRS,n,2,300.21,10.06,D,0
-1.93054,-80.07896,333.93,0.4,0.37,2024-09-24,1840,N,VIIRS,l,2,300.91,2.47,D,0
-1.88889,-79.94134,332.76,0.4,0.37,2024-09-24,1840,N,VIIRS,n,2,299.99,2.06,D,0
-1.87616,-79.90289,338.23,0.4,0.37,2024-09-24,1840,N,VIIRS,n,2,301.15,4.18,D,0
-1.94068,-79.83685,296.51,0.41,0.61,2024-09-25,721,N,VIIRS,n,2,286.38,0.49,N,0
-1.93505,-79.83598,301.79,0.41,0.61,2024-09-25,721,N,VIIRS,n,2,286.09,0.49,N,0
-1.94734,-80.01248,332.59,0.47,0.48,2024-09-25,1821,N,VIIRS,n,2,296.16,2.68,D,0
-1.94871,-80.01485,335.06,0.47,0.48,2024-09-25,1821,N,VIIRS,n,2,295.74,4.35,D,0
-1.86491,-79.99671,333.61,0.47,0.48,2024-09-25,1821,N,VIIRS,n,2,297.3,3.18,D,0
-2.12112,-79.97577,342.19,0.38,0.36,2024-09-29,1846,N,VIIRS,n,2,302.89,6.73,D,0
-1.934,-79.85664,335.96,0.38,0.36,2024-09-29,1846,N,VIIRS,n,2,292.54,2.01,D,0
-1.87059,-79.95151,336.39,0.38,0.36,2024-09-29,1846,N,VIIRS,n,2,298.37,1.86,D,0
-1.87615,-80.0106,338.79,0.38,0.36,2024-09-29,1846,N,VIIRS,n,2,301.02,4.52,D,0
-1.87336,-80.01455,336.23,0.38,0.36,2024-09-29,1846,N,VIIRS,n,2,297.1,4.32,D,0
-1.85156,-79.91557,338.2,0.38,0.36,2024-09-29,1846,N,VIIRS,n,2,299.57,3.57,D,0
-1.86915,-80.05396,349.92,0.38,0.36,2024-09-29,1846,N,VIIRS,n,2,303.65,6.26,D,0
-1.86583,-80.05445,349.15,0.38,0.36,2024-09-29,1846,N,VIIRS,n,2,299.24,6.26,D,0
-1.86109,-80.09041,334.12,0.38,0.36,2024-09-29,1846,N,VIIRS,n,2,300.62,2.31,D,0
-2.33794,-80.06867,348.33,0.38,0.36,2024-09-29,1846,N,VIIRS,n,2,301.4,6.86,D,0
-2.33847,-80.07212,336.19,0.38,0.36,2024-09-29,1846,N,VIIRS,n,2,299.87,6.86,D,0
-2.19947,-79.75523,331.52,0.38,0.36,2024-09-29,1846,N,VIIRS,n,2,297.55,2.03,D,0
-2.17831,-79.77252,336.55,0.38,0.36,2024-09-29,1846,N,VIIRS,n,2,300.23,7.83,D,0
-2.17394,-79.76611,349.98,0.38,0.36,2024-09-29,1846,N,VIIRS,n,2,301.08,12.29,D,0
-2.09824,-79.7598,334.05,0.38,0.36,2024-09-29,1846,N,VIIRS,n,2,299.01,3.34,D,0
-2.34503,-80.04833,330.75,0.4,0.6,2024-10-01,1808,N,VIIRS,n,2,290.01,3.29,D,0
-2.10733,-79.76936,346.35,0.38,0.59,2024-10-01,1808,N,VIIRS,n,2,287.1,3.89,D,0
-1.96872,-80.02103,337.15,0.4,0.37,2024-10-04,1852,N,VIIRS,n,2,302.08,7.77,D,0
-1.9405,-79.76751,335.52,0.41,0.37,2024-10-04,1852,N,VIIRS,n,2,300.61,4.55,D,0
-2.0422,-79.86133,342.18,0.41,0.37,2024-10-04,1852,N,VIIRS,n,2,303.11,5.25,D,0
-1.96927,-80.02464,334.7,0.4,0.37,2024-10-04,1852,N,VIIRS,n,2,298.0,2.97,D,0
-1.9171,-79.77481,331.3,0.41,0.37,2024-10-04,1852,N,VIIRS,n,2,297.4,3.31,D,0
-1.92559,-79.8074,344.21,0.41,0.37,2024-10-04,1852,N,VIIRS,n,2,298.58,4.42,D,0
-1.92503,-79.80371,333.46,0.41,0.37,2024-10-04,1852,N,VIIRS,n,2,296.7,3.97,D,0
-1.93296,-80.05968,347.22,0.4,0.37,2024-10-04,1852,N,VIIRS,n,2,300.51,4.32,D,0
-1.89707,-79.8267,334.91,0.41,0.37,2024-10-04,1852,N,VIIRS,n,2,298.51,0.91,D,0
-1.85673,-79.9312,336.71,0.46,0.39,2024-10-05,1833,N,VIIRS,l,2,297.85,7.08,D,0
-1.99685,-80.01872,336.42,0.47,0.39,2024-10-05,1833,N,VIIRS,l,2,296.51,6.67,D,0
-2.09052,-79.94601,336.14,0.46,0.39,2024-10-05,1833,N,VIIRS,l,2,299.66,6.38,D,0
-1.95287,-80.08807,343.38,0.62,0.54,2024-10-06,1814,N,VIIRS,n,2,293.91,10.41,D,0
-1.94708,-80.08334,344.4,0.62,0.54,2024-10-06,1814,N,VIIRS,n,2,294.54,10.41,D,0
-1.95284,-80.09019,338.97,0.62,0.54,2024-10-06,1814,N,VIIRS,n,2,293.67,5.71,D,0
-1.94701,-80.08548,350.48,0.62,0.54,2024-10-06,1814,N,VIIRS,n,2,294.27,15.14,D,0
-2.08435,-79.81219,338.89,0.6,0.53,2024-10-06,1814,N,VIIRS,n,2,291.69,9.4,D,0
-2.17524,-80.04153,303.4,0.47,0.39,2024-10-07,656,N,VIIRS,n,2,288.2,1.07,N,2
-2.09603,-80.02195,304.09,0.47,0.39,2024-10-07,656,N,VIIRS,n,2,286.59,0.98,N,0
-2.20922,-79.7737,342.87,0.63,0.72,2024-10-07,1755,N,VIIRS,n,2,284.46,12.06,D,0
-2.02066,-79.97298,344.03,0.65,0.73,2024-10-07,1755,N,VIIRS,n,2,285.32,14.69,D,0
-2.01978,-79.96704,357.09,0.65,0.73,2024-10-07,1755,N,VIIRS,l,2,286.3,14.69,D,0
-1.93889,-79.89775,341.93,0.61,0.54,2024-10-08,1917,N,VIIRS,n,2,274.96,7.02,D,0
-1.97875,-79.97485,330.67,0.46,0.39,2024-10-09,1858,N,VIIRS,n,2,293.62,4.35,D,0
-1.86629,-80.01701,356.48,0.46,0.39,2024-10-09,1858,N,VIIRS,n,2,298.26,17.81,D,0
-1.93431,-80.06822,338.88,0.41,0.37,2024-10-10,1839,N,VIIRS,n,2,295.44,4.07,D,0
-1.93089,-80.06874,340.78,0.41,0.37,2024-10-10,1839,N,VIIRS,n,2,297.04,6.6,D,0
-2.17688,-80.04186,299.31,0.56,0.43,2024-10-14,624,N,VIIRS,n,2,286.23,0.84,N,2
-2.04299,-79.8335,333.11,0.38,0.43,2024-10-14,1904,N,VIIRS,n,2,295.51,2.63,D,0
-1.90665,-79.83427,337.45,0.38,0.44,2024-10-14,1904,N,VIIRS,n,2,291.43,4.8,D,0
-1.95139,-79.83102,337.08,0.38,0.44,2024-10-14,1904,N,VIIRS,n,2,297.18,5.02,D,0
-2.08694,-79.75932,335.17,0.38,0.36,2024-10-15,1845,N,VIIRS,n,2,284.99,7.31,D,0
-2.00797,-79.86034,344.75,0.38,0.36,2024-10-15,1845,N,VIIRS,n,2,286.31,3.38,D,0
-1.9987,-79.84408,345.67,0.38,0.36,2024-10-15,1845,N,VIIRS,n,2,284.4,7.14,D,0
-1.94282,-79.8314,335.94,0.38,0.36,2024-10-15,1845,N,VIIRS,n,2,286.03,3.44,D,0
-1.93083,-80.06611,331.09,0.38,0.36,2024-10-15,1845,N,VIIRS,n,2,290.29,1.98,D,0
-2.28398,-80.04361,343.05,0.39,0.44,2024-10-16,1826,N,VIIRS,n,2,300.72,14.44,D,0
-2.2845,-80.04707,331.76,0.39,0.44,2024-10-16,1826,N,VIIRS,n,2,300.63,14.44,D,0
-2.27996,-80.04424,345.61,0.39,0.44,2024-10-16,1826,N,VIIRS,n,2,303.17,14.44,D,0
-2.13946,-79.98829,346.13,0.57,0.43,2024-10-16,1826,N,VIIRS,n,2,297.7,6.88,D,0
-1.97895,-80.02714,340.19,0.57,0.43,2024-10-16,1826,N,VIIRS,n,2,299.75,7.28,D,0
-1.9236,-79.77137,330.61,0.55,0.43,2024-10-16,1826,N,VIIRS,l,2,297.89,4.05,D,0
-1.91967,-79.77201,333.6,0.55,0.43,2024-10-16,1826,N,VIIRS,l,2,298.59,7.31,D,0
-1.88641,-79.90002,333.97,0.56,0.43,2024-10-16,1826,N,VIIRS,l,2,297.87,4.3,D,0
-1.97556,-80.02505,334.44,0.57,0.43,2024-10-16,1826,N,VIIRS,n,2,299.07,6.85,D,0
-2.13629,-79.98443,299.07,0.48,0.48,2024-10-17,708,N,VIIRS,n,2,288.74,0.83,N,0
-2.14069,-79.98545,303.76,0.48,0.48,2024-10-17,708,N,VIIRS,n,2,288.39,0.83,N,0
-1.86161,-79.76806,333.33,0.41,0.37,2024-10-20,1852,N,VIIRS,n,2,301.47,4.11,D,0
-1.89959,-79.85633,337.65,0.41,0.37,2024-10-20,1852,N,VIIRS,n,2,306.11,10.64,D,0
-1.92258,-79.80032,344.79,0.41,0.37,2024-10-20,1852,N,VIIRS,n,2,301.76,4.57,D,0
-1.92187,-79.79987,330.94,0.41,0.37,2024-10-20,1852,N,VIIRS,n,2,301.22,2.2,D,0
-1.92529,-79.79935,336.71,0.41,0.37,2024-10-20,1852,N,VIIRS,n,2,300.71,2.2,D,0
-1.99194,-80.02811,336.19,0.4,0.37,2024-10-20,1852,N,VIIRS,n,2,304.41,3.14,D,0
-1.95387,-79.7574,334.06,0.41,0.37,2024-10-20,1852,N,VIIRS,n,2,299.22,10.84,D,0
-1.95786,-79.76057,334.01,0.41,0.37,2024-10-20,1852,N,VIIRS,n,2,299.96,2.8,D,0
-1.95729,-79.75688,334.4,0.41,0.37,2024-10-20,1852,N,VIIRS,n,2,300.34,3.99,D,0
-2.09447,-79.76222,332.58,0.41,0.37,2024-10-20,1852,N,VIIRS,n,2,299.8,2.2,D,0
-2.20177,-80.0987,336.58,0.4,0.37,2024-10-20,1852,N,VIIRS,n,2,303.67,1.84,D,0
-1.90908,-80.0479,335.48,0.47,0.39,2024-10-21,1833,N,VIIRS,n,2,299.29,3.93,D,0
-1.95667,-79.79573,331.17,0.45,0.39,2024-10-21,1833,N,VIIRS,l,2,300.02,2.13,D,0
-2.07403,-79.76212,340.05,0.45,0.39,2024-10-21,1833,N,VIIRS,l,2,299.25,4.5,D,0
-2.07825,-79.76568,334.35,0.45,0.39,2024-10-21,1833,N,VIIRS,l,2,299.19,4.5,D,0
-2.16322,-79.7579,336.77,0.46,0.39,2024-10-21,1833,N,VIIRS,l,2,302.43,11.91,D,0
-2.25442,-80.06998,335.93,0.47,0.4,2024-10-21,1833,N,VIIRS,n,2,301.02,3.34,D,0
-2.07762,-79.96751,301.66,0.47,0.4,2024-10-23,656,N,VIIRS,n,2,288.36,0.61,N,0
-1.90399,-79.82439,315.14,0.4,0.37,2024-10-24,637,N,VIIRS,n,2,289.33,1.47,N,0
-2.09661,-80.02016,301.9,0.4,0.37,2024-10-24,637,N,VIIRS,n,2,291.08,0.41,N,0
-2.07746,-79.96539,301.45,0.4,0.37,2024-10-24,637,N,VIIRS,n,2,291.16,0.47,N,0
-1.91553,-80.08755,344.72,0.6,0.53,2024-10-24,1917,N,VIIRS,n,2,298.58,8.71,D,0
-1.99433,-80.03378,343.65,0.6,0.53,2024-10-24,1917,N,VIIRS,n,2,297.83,6.2,D,0
-2.12082,-80.02863,344.84,0.6,0.53,2024-10-24,1917,N,VIIRS,n,2,299.14,58.49,D,0
-2.11993,-80.02309,337.84,0.6,0.53,2024-10-24,1917,N,VIIRS,n,2,297.26,29.83,D,0
-1.85246,-79.99409,332.47,0.46,0.39,2024-10-25,1858,N,VIIRS,n,2,296.13,1.58,D,0
-1.94397,-80.08249,335.35,0.46,0.39,2024-10-25,1858,N,VIIRS,n,2,304.8,5.01,D,0
-1.91968,-79.8297,335.32,0.47,0.4,2024-10-25,1858,N,VIIRS,n,2,297.42,4.05,D,0
-1.92335,-79.82915,337.54,0.47,0.4,2024-10-25,1858,N,VIIRS,n,2,299.46,4.05,D,0
-1.99953,-80.07958,337.29,0.46,0.39,2024-10-25,1858,N,VIIRS,n,2,302.68,40.26,D,0
-1.97962,-79.82932,333.14,0.47,0.4,2024-10-25,1858,N,VIIRS,n,2,297.3,3.92,D,0
-2.03322,-79.83941,336.68,0.47,0.4,2024-10-25,1858,N,VIIRS,n,2,300.09,2.85,D,0
-2.04357,-79.78563,337.39,0.47,0.4,2024-10-25,1858,N,VIIRS,n,2,298.38,8.24,D,0
-1.99347,-80.03175,330.23,0.41,0.37,2024-10-26,1839,N,VIIRS,l,2,301.76,2.91,D,0
-1.97756,-79.76456,331.4,0.4,0.37,2024-10-26,1839,N,VIIRS,n,2,296.33,3.45,D,0
-2.06232,-79.95841,340.64,0.4,0.37,2024-10-26,1839,N,VIIRS,n,2,302.09,3.05,D,0
-2.10703,-80.02212,337.94,0.41,0.37,2024-10-26,1839,N,VIIRS,l,2,301.13,7.56,D,0
-2.11099,-80.02524,335.71,0.41,0.37,2024-10-26,1839,N,VIIRS,l,2,298.65,4.38,D,0
-2.17849,-79.75567,347.75,0.4,0.37,2024-10-26,1839,N,VIIRS,n,2,299.94,11.12,D,0
-1.92347,-79.93663,337.87,0.47,0.48,2024-10-27,1820,N,VIIRS,n,2,290.65,4.13,D,0
-1.96031,-80.0636,342.68,0.48,0.48,2024-10-27,1820,N,VIIRS,n,2,295.69,7.9,D,0
-2.05963,-80.07301,331.91,0.49,0.48,2024-10-27,1820,N,VIIRS,n,2,292.81,4.33,D,0
-2.06409,-80.0723,331.99,0.49,0.48,2024-10-27,1820,N,VIIRS,n,2,294.32,4.33,D,0
-2.18189,-79.77576,342.13,0.47,0.47,2024-10-27,1820,N,VIIRS,n,2,289.97,8.79,D,0
-2.09927,-79.83547,333.06,0.4,0.6,2024-10-29,1923,N,VIIRS,n,2,288.61,1.84,D,0
-1.92743,-79.79805,339.05,0.39,0.44,2024-10-30,1904,N,VIIRS,n,2,293.3,4.28,D,0
-1.91183,-79.80399,344.94,0.39,0.44,2024-10-30,1904,N,VIIRS,n,2,294.22,5.37,D,0
-1.90779,-79.8046,349.5,0.39,0.44,2024-10-30,1904,N,VIIRS,n,2,291.69,6.79,D,0
-1.88396,-79.78752,345.83,0.39,0.44,2024-10-30,1904,N,VIIRS,n,2,294.76,5.83,D,0
-1.86452,-79.76885,342.96,0.39,0.44,2024-10-30,1904,N,VIIRS,n,2,295.19,5.0,D,0
-1.91147,-80.07343,335.65,0.56,0.43,2024-10-30,1904,N,VIIRS,n,2,296.52,29.93,D,0
-1.87737,-79.95837,332.93,0.57,0.43,2024-10-30,1904,N,VIIRS,n,2,294.12,6.29,D,0
-2.08337,-79.81684,344.86,0.39,0.44,2024-10-30,1904,N,VIIRS,n,2,293.37,3.13,D,0
-2.07935,-79.81746,335.75,0.39,0.44,2024-10-30,1904,N,VIIRS,n,2,290.91,3.13,D,0
-2.04188,-79.97064,334.35,0.57,0.43,2024-10-30,1904,N,VIIRS,n,2,296.66,4.12,D,0
-2.03999,-79.96796,330.96,0.57,0.43,2024-10-30,1904,N,VIIRS,n,2,295.68,3.12,D,0
-2.01287,-79.95081,331.76,0.57,0.43,2024-10-30,1904,N,VIIRS,n,2,295.24,2.11,D,0
-1.99951,-79.89053,335.68,0.38,0.43,2024-10-30,1904,N,VIIRS,n,2,295.42,2.11,D,0
-1.86892,-79.89872,339.94,0.38,0.36,2024-10-31,1845,N,VIIRS,n,2,298.51,4.04,D,0
-1.92961,-79.98495,334.52,0.38,0.36,2024-10-31,1845,N,VIIRS,n,2,294.7,11.37,D,0
-1.92908,-79.98149,335.11,0.38,0.36,2024-10-31,1845,N,VIIRS,n,2,293.06,11.37,D,0
-1.93241,-79.981,336.58,0.38,0.36,2024-10-31,1845,N,VIIRS,n,2,297.65,11.37,D,0
-1.93976,-79.83089,336.14,0.38,0.36,2024-10-31,1845,N,VIIRS,n,2,298.51,6.14,D,0
-1.93924,-79.82744,335.63,0.38,0.36,2024-10-31,1845,N,VIIRS,n,2,297.96,6.45,D,0
-2.01151,-79.85545,332.17,0.38,0.36,2024-10-31,1845,N,VIIRS,n,2,300.64,3.64,D,0
-2.08481,-79.78415,337.54,0.38,0.36,2024-10-31,1845,N,VIIRS,n,2,295.52,1.9,D,0
-2.18621,-80.09383,348.25,0.38,0.36,2024-10-31,1845,N,VIIRS,n,2,300.01,9.2,D,0
-2.18953,-80.09332,343.24,0.38,0.36,2024-10-31,1845,N,VIIRS,n,2,300.69,8.65,D,0
-2.28819,-80.07427,332.26,0.38,0.36,2024-10-31,1845,N,VIIRS,n,2,299.89,4.32,D,0
-2.18053,-79.75309,337.93,0.55,0.43,2024-11-01,1827,N,VIIRS,n,2,296.96,4.82,D,0
-2.21612,-80.07845,330.19,0.39,0.44,2024-11-01,1827,N,VIIRS,n,2,299.44,1.67,D,0
-1.85568,-80.00169,338.26,0.57,0.43,2024-11-01,1827,N,VIIRS,n,2,295.99,5.27,D,0
-2.03949,-79.95355,337.55,0.57,0.43,2024-11-01,1827,N,VIIRS,n,2,295.49,39.81,D,0
-2.04351,-79.95321,337.46,0.57,0.43,2024-11-01,1827,N,VIIRS,n,2,299.03,39.81,D,0
-2.0046,-79.98079,341.85,0.61,0.54,2024-11-07,1814,N,VIIRS,n,2,295.24,10.05,D,0
-2.00463,-79.98325,342.75,0.61,0.54,2024-11-07,1814,N,VIIRS,n,2,297.32,8.02,D,0
-1.90308,-80.01565,341.54,0.61,0.54,2024-11-07,1814,N,VIIRS,n,2,296.62,13.67,D,0
-1.90724,-80.01578,340.71,0.61,0.54,2024-11-07,1814,N,VIIRS,n,2,297.37,15.16,D,0
-1.90228,-80.0165,340.21,0.61,0.54,2024-11-07,1814,N,VIIRS,n,2,294.99,8.73,D,0
-2.08142,-79.78479,334.81,0.47,0.4,2024-11-10,1858,N,VIIRS,n,2,299.83,2.11,D,0
-2.1131,-79.77128,347.26,0.47,0.4,2024-11-10,1858,N,VIIRS,n,2,301.92,8.26,D,0
-2.18814,-79.75006,332.67,0.4,0.37,2024-11-11,1839,N,VIIRS,l,2,304.52,1.11,D,0
-2.15425,-79.75512,334.7,0.4,0.37,2024-11-11,1839,N,VIIRS,l,2,307.47,1.71,D,0
-2.09957,-79.7888,334.72,0.4,0.37,2024-11-11,1839,N,VIIRS,n,2,305.1,3.48,D,0
-2.08722,-79.77592,336.7,0.4,0.37,2024-11-11,1839,N,VIIRS,l,2,307.08,11.36,D,0
-2.08776,-79.77951,333.02,0.4,0.37,2024-11-11,1839,N,VIIRS,l,2,304.46,11.36,D,0
-2.1205,-80.01911,336.69,0.41,0.37,2024-11-11,1839,N,VIIRS,n,2,306.03,5.45,D,0
-2.12215,-80.03001,341.25,0.41,0.37,2024-11-11,1839,N,VIIRS,n,2,308.28,3.92,D,0
-2.11873,-80.03053,352.8,0.41,0.37,2024-11-11,1839,N,VIIRS,n,2,312.02,27.07,D,0
-2.06919,-79.77125,352.84,0.4,0.37,2024-11-11,1839,N,VIIRS,n,2,304.54,9.03,D,0
-2.0658,-79.77175,335.32,0.4,0.37,2024-11-11,1839,N,VIIRS,n,2,303.86,2.18,D,0
-2.06634,-79.77535,331.3,0.4,0.37,2024-11-11,1839,N,VIIRS,l,2,302.06,2.18,D,0
-2.06253,-79.84223,338.24,0.4,0.37,2024-11-11,1839,N,VIIRS,l,2,308.25,6.11,D,0
-2.06307,-79.84585,345.54,0.4,0.37,2024-11-11,1839,N,VIIRS,n,2,310.64,19.59,D,0
-2.08157,-79.969,336.29,0.4,0.37,2024-11-11,1839,N,VIIRS,l,2,306.99,1.4,D,0
-2.08705,-80.00549,337.73,0.41,0.37,2024-11-11,1839,N,VIIRS,n,2,304.12,1.51,D,0
-2.08363,-80.006,342.27,0.41,0.37,2024-11-11,1839,N,VIIRS,n,2,306.48,1.51,D,0
-2.06781,-79.99345,335.64,0.41,0.37,2024-11-11,1839,N,VIIRS,l,2,306.83,2.63,D,0
-2.01543,-79.85352,343.86,0.4,0.37,2024-11-11,1839,N,VIIRS,n,2,307.02,4.58,D,0
-2.02972,-79.94756,340.43,0.4,0.37,2024-11-11,1839,N,VIIRS,n,2,307.68,6.69,D,0
-1.97482,-79.83746,335.43,0.4,0.37,2024-11-11,1839,N,VIIRS,n,2,304.39,3.1,D,0
-1.92441,-79.77873,339.75,0.4,0.37,2024-11-11,1839,N,VIIRS,n,2,305.15,3.51,D,0
-1.92549,-79.78593,335.96,0.4,0.37,2024-11-11,1839,N,VIIRS,l,2,307.12,2.94,D,0
-1.88116,-79.79662,336.14,0.4,0.37,2024-11-11,1839,N,VIIRS,l,2,307.67,2.47,D,0
-1.87778,-79.79713,334.78,0.4,0.37,2024-11-11,1839,N,VIIRS,l,2,309.52,2.47,D,0
-1.90776,-80.01814,336.1,0.4,0.37,2024-11-11,1839,N,VIIRS,n,2,305.98,3.7,D,0
-1.89896,-80.07537,332.22,0.41,0.37,2024-11-11,1839,N,VIIRS,l,2,306.08,1.87,D,0
-1.88542,-80.05499,336.14,0.41,0.37,2024-11-11,1839,N,VIIRS,l,2,309.65,3.2,D,0
-2.10655,-80.00705,343.16,0.48,0.48,2024-11-12,1820,N,VIIRS,n,2,288.56,6.15,D,0
-1.97816,-80.08415,346.38,0.51,0.66,2024-11-13,1801,N,VIIRS,n,2,294.76,5.93,D,0
-1.97753,-80.07995,341.96,0.51,0.66,2024-11-13,1801,N,VIIRS,n,2,295.17,5.93,D,0
-2.18435,-79.75274,331.54,0.49,0.65,2024-11-13,1801,N,VIIRS,n,2,296.56,2.62,D,0
-1.97888,-80.08519,353.25,0.8,0.78,2024-11-13,1942,N,VIIRS,n,2,290.02,13.39,D,0
-1.97835,-80.08228,367.0,0.79,0.78,2024-11-13,1942,N,VIIRS,h,2,290.83,20.85,D,0
-2.17996,-79.77106,344.54,0.4,0.6,2024-11-14,1923,N,VIIRS,n,2,289.18,7.42,D,0
-2.12414,-80.03525,308.13,0.56,0.43,2024-11-15,624,N,VIIRS,n,2,290.5,0.88,N,0
-2.12532,-80.03867,305.18,0.57,0.43,2024-11-15,624,N,VIIRS,n,2,290.47,1.02,N,0
-2.3485,-80.07441,335.29,0.55,0.43,2024-11-15,1904,N,VIIRS,n,2,302.99,3.96,D,0
-2.18436,-79.76115,345.54,0.39,0.44,2024-11-15,1904,N,VIIRS,n,2,303.94,4.7,D,0
-2.18543,-79.7681,341.94,0.38,0.44,2024-11-15,1904,N,VIIRS,n,2,302.26,3.49,D,0
-2.09668,-79.78614,339.98,0.38,0.44,2024-11-15,1904,N,VIIRS,n,2,304.79,5.22,D,0
-2.06877,-79.76547,355.72,0.39,0.44,2024-11-15,1904,N,VIIRS,n,2,305.15,6.08,D,0
-2.06931,-79.76894,338.21,0.39,0.44,2024-11-15,1904,N,VIIRS,n,2,303.48,6.08,D,0
-2.0171,-79.75191,332.03,0.39,0.44,2024-11-15,1904,N,VIIRS,l,2,303.23,4.09,D,0
-1.97271,-79.75987,340.01,0.39,0.44,2024-11-15,1904,N,VIIRS,n,2,302.36,2.86,D,0
-1.96813,-79.75699,341.78,0.39,0.44,2024-11-15,1904,N,VIIRS,n,2,302.03,6.98,D,0
-1.97782,-79.81975,332.52,0.38,0.44,2024-11-15,1904,N,VIIRS,n,2,300.21,2.49,D,0
-2.01218,-80.06867,339.54,0.56,0.43,2024-11-15,1904,N,VIIRS,n,2,303.33,3.52,D,0
-1.9743,-80.08526,335.86,0.56,0.43,2024-11-15,1904,N,VIIRS,n,2,301.03,3.37,D,0
-1.92851,-79.87241,333.14,0.57,0.43,2024-11-15,1904,N,VIIRS,n,2,301.64,4.25,D,0
-1.89741,-79.83198,346.17,0.38,0.44,2024-11-15,1904,N,VIIRS,n,2,302.95,4.69,D,0
-1.90869,-79.92815,333.34,0.57,0.43,2024-11-15,1904,N,VIIRS,n,2,300.25,4.32,D,0
-1.91207,-79.97478,337.49,0.57,0.43,2024-11-15,1904,N,VIIRS,n,2,300.06,3.46,D,0
-1.89642,-79.8321,341.19,0.38,0.44,2024-11-15,1904,N,VIIRS,n,2,301.44,3.22,D,0
-1.89239,-79.83271,348.37,0.38,0.44,2024-11-15,1904,N,VIIRS,n,2,302.73,3.79,D,0
-1.90729,-79.93021,339.74,0.57,0.43,2024-11-15,1904,N,VIIRS,n,2,300.52,6.92,D,0
-1.91035,-79.97692,331.18,0.57,0.43,2024-11-15,1904,N,VIIRS,n,2,298.68,4.32,D,0
-1.88217,-79.87329,330.0,0.38,0.43,2024-11-15,1904,N,VIIRS,n,2,299.09,0.6,D,0
-1.91633,-80.09527,337.58,0.56,0.43,2024-11-15,1904,N,VIIRS,n,2,303.39,5.41,D,0
-1.88326,-79.98627,337.55,0.57,0.43,2024-11-15,1904,N,VIIRS,n,2,302.07,5.72,D,0
-1.87923,-80.03893,333.29,0.56,0.43,2024-11-15,1904,N,VIIRS,n,2,304.29,3.59,D,0
-2.18955,-79.75224,331.76,0.38,0.36,2024-11-16,1845,N,VIIRS,n,2,295.07,1.87,D,0
-1.9992,-79.94485,330.93,0.38,0.36,2024-11-16,1845,N,VIIRS,n,2,296.8,1.98,D,0
-1.93036,-80.09025,332.81,0.38,0.36,2024-11-16,1845,N,VIIRS,l,2,303.41,1.82,D,0
-1.86193,-80.06177,330.27,0.38,0.36,2024-11-16,1845,N,VIIRS,l,2,305.1,3.17,D,0
-1.95915,-79.8209,338.27,0.38,0.59,2024-11-18,1808,N,VIIRS,n,2,291.88,4.1,D,0
-1.97538,-79.96667,333.62,0.39,0.6,2024-11-18,1808,N,VIIRS,n,2,294.25,2.83,D,0
-1.97477,-80.00047,356.33,0.4,0.6,2024-11-18,1808,N,VIIRS,n,2,295.45,6.23,D,0
-1.85638,-79.91959,345.68,0.39,0.59,2024-11-18,1808,N,VIIRS,n,2,293.44,3.09,D,0
-1.9683,-79.96317,314.39,0.46,0.39,2024-11-20,631,N,VIIRS,n,2,288.05,1.47,N,0
-1.94336,-79.76975,334.79,0.49,0.48,2024-11-20,1910,N,VIIRS,n,2,294.54,2.68,D,0
-2.10102,-79.82404,333.03,0.48,0.48,2024-11-20,1910,N,VIIRS,n,2,292.06,3.41,D,0
-2.12857,-79.76598,352.23,0.49,0.48,2024-11-20,1910,N,VIIRS,n,2,299.0,11.57,D,0
-2.12615,-79.76675,340.87,0.48,0.48,2024-11-20,1910,N,VIIRS,n,2,298.99,6.23,D,0
-2.13062,-79.76607,336.52,0.48,0.48,2024-11-20,1910,N,VIIRS,n,2,299.01,6.23,D,0
-2.20969,-79.80322,334.42,0.48,0.48,2024-11-20,1910,N,VIIRS,n,2,296.91,4.67,D,0
-1.90917,-80.08847,338.26,0.47,0.47,2024-11-20,1910,N,VIIRS,n,2,298.43,3.88,D,0
-1.91094,-79.92644,348.14,0.48,0.48,2024-11-20,1910,N,VIIRS,n,2,296.51,11.43,D,0
-2.04994,-79.77411,330.46,0.46,0.39,2024-11-22,1833,N,VIIRS,l,2,300.6,4.97,D,0
-2.08385,-79.9986,336.71,0.47,0.4,2024-11-22,1833,N,VIIRS,n,2,302.84,3.87,D,0
-1.97146,-79.9708,335.66,0.47,0.39,2024-11-22,1833,N,VIIRS,n,2,300.72,3.23,D,0
-1.90684,-79.86136,335.0,0.46,0.39,2024-11-22,1833,N,VIIRS,n,2,300.73,5.93,D,0
-1.89465,-79.8042,335.38,0.46,0.39,2024-11-22,1833,N,VIIRS,n,2,300.51,3.1,D,0
-1.90835,-79.97168,335.0,0.46,0.39,2024-11-22,1833,N,VIIRS,n,2,298.51,3.94,D,0
-1.90843,-79.97104,342.65,0.46,0.39,2024-11-22,1833,N,VIIRS,n,2,298.45,5.36,D,0
-1.88833,-79.9612,331.36,0.46,0.39,2024-11-22,1833,N,VIIRS,n,2,299.01,4.08,D,0
-1.85795,-80.05574,330.34,0.47,0.4,2024-11-22,1833,N,VIIRS,n,2,299.54,3.52,D,0
-2.17788,-80.04117,302.39,0.4,0.37,2024-11-25,637,N,VIIRS,n,2,283.51,0.64,N,2
-1.85642,-80.0188,331.99,0.46,0.39,2024-11-26,1858,N,VIIRS,n,2,295.51,4.36,D,0
-1.86008,-79.87169,336.15,0.47,0.4,2024-11-26,1858,N,VIIRS,n,2,294.99,8.11,D,0
-1.92496,-79.9574,336.45,0.47,0.39,2024-11-26,1858,N,VIIRS,n,2,294.9,3.55,D,0
-1.93461,-79.8261,335.83,0.47,0.4,2024-11-26,1858,N,VIIRS,n,2,297.26,4.88,D,0
-1.96096,-79.97343,330.79,0.46,0.39,2024-11-26,1858,N,VIIRS,n,2,293.69,1.29,D,0
-1.94014,-79.76404,333.97,0.48,0.4,2024-11-26,1858,N,VIIRS,n,2,292.05,3.86,D,0
-1.9868,-79.82772,332.42,0.47,0.4,2024-11-26,1858,N,VIIRS,n,2,292.54,2.97,D,0
-2.01384,-79.78438,338.14,0.47,0.4,2024-11-26,1858,N,VIIRS,n,2,293.34,4.17,D,0
-1.86364,-80.01282,337.54,0.4,0.37,2024-11-27,1839,N,VIIRS,n,2,298.82,3.75,D,0
-1.89513,-80.06018,330.01,0.4,0.37,2024-11-27,1839,N,VIIRS,n,2,298.24,1.72,D,0
-2.02133,-79.83368,350.51,0.4,0.37,2024-11-27,1839,N,VIIRS,n,2,300.46,20.34,D,0
-2.04699,-79.85442,338.7,0.47,0.48,2024-11-28,1820,N,VIIRS,n,2,295.13,4.21,D,0
-2.02006,-79.79395,341.2,0.46,0.47,2024-11-28,1820,N,VIIRS,n,2,294.35,7.4,D,0
-1.98496,-79.8291,331.57,0.46,0.47,2024-11-28,1820,N,VIIRS,n,2,292.3,3.7,D,0
-2.30878,-80.04639,340.84,0.49,0.48,2024-11-28,1820,N,VIIRS,n,2,293.63,16.02,D,0
-2.3043,-80.04697,367.0,0.49,0.48,2024-11-28,1820,N,VIIRS,h,2,295.73,16.02,D,0
-2.19498,-80.09332,339.52,0.49,0.48,2024-11-28,1820,N,VIIRS,n,2,294.8,4.59,D,0
-2.14502,-79.78933,330.38,0.46,0.47,2024-11-28,1820,N,VIIRS,n,2,293.01,3.98,D,0
-2.05192,-79.76798,336.79,0.46,0.47,2024-11-28,1820,N,VIIRS,n,2,292.51,2.28,D,0
-1.86792,-79.76717,347.24,0.46,0.47,2024-11-28,1821,N,VIIRS,n,2,294.53,8.27,D,0
-1.86894,-79.76768,349.29,0.46,0.47,2024-11-28,1821,N,VIIRS,n,2,294.77,8.46,D,0
-1.90934,-79.79998,334.94,0.46,0.47,2024-11-28,1821,N,VIIRS,n,2,293.6,3.03,D,0
-1.98502,-79.82738,330.16,0.46,0.47,2024-11-28,1821,N,VIIRS,n,2,292.49,2.52,D,0
-1.99351,-80.08865,345.9,0.51,0.66,2024-11-29,1802,N,VIIRS,n,2,285.97,11.55,D,0
-1.99416,-80.09286,343.94,0.51,0.66,2024-11-29,1802,N,VIIRS,n,2,285.2,8.54,D,0
-2.07048,-79.91536,331.32,0.4,0.6,2024-11-30,1923,N,VIIRS,n,2,287.12,3.72,D,0
-2.19264,-79.8027,353.05,0.39,0.44,2024-12-01,1904,N,VIIRS,n,2,298.27,9.7,D,0
-1.99328,-79.82796,343.42,0.39,0.44,2024-12-01,1905,N,VIIRS,n,2,295.58,5.29,D,0
-1.99622,-79.82033,349.42,0.39,0.44,2024-12-01,1905,N,VIIRS,n,2,296.96,9.01,D,0
-1.86537,-79.94143,333.45,0.38,0.43,2024-12-01,1905,N,VIIRS,n,2,297.41,3.12,D,0
-1.87092,-79.86572,356.63,0.39,0.44,2024-12-01,1905,N,VIIRS,n,2,295.95,6.76,D,0
-1.9195,-80.06937,337.92,0.56,0.43,2024-12-01,1905,N,VIIRS,n,2,299.46,14.57,D,0
-1.90553,-79.92825,355.39,0.38,0.43,2024-12-01,1905,N,VIIRS,n,2,298.83,12.45,D,0
-1.91758,-79.92641,335.81,0.38,0.43,2024-12-01,1905,N,VIIRS,n,2,296.76,2.22,D,0
-1.95136,-80.09077,341.54,0.56,0.43,2024-12-01,1905,N,VIIRS,n,2,297.44,6.35,D,0
-1.97293,-79.85616,330.7,0.39,0.44,2024-12-01,1905,N,VIIRS,n,2,296.65,3.58,D,0
-1.97238,-79.85265,343.16,0.39,0.44,2024-12-01,1905,N,VIIRS,n,2,297.46,5.39,D,0
-1.97182,-79.84916,331.66,0.39,0.44,2024-12-01,1905,N,VIIRS,n,2,296.6,5.39,D,0
-1.97127,-79.84566,343.97,0.39,0.44,2024-12-01,1905,N,VIIRS,n,2,297.37,5.57,D,0
-1.97586,-79.84855,351.53,0.39,0.44,2024-12-01,1905,N,VIIRS,n,2,298.8,5.39,D,0
-1.9753,-79.84505,333.2,0.39,0.44,2024-12-01,1905,N,VIIRS,n,2,299.46,5.57,D,0
-1.981,-79.85492,334.01,0.39,0.44,2024-12-01,1905,N,VIIRS,n,2,299.16,2.62,D,0
-2.31306,-80.04368,330.69,0.38,0.36,2024-12-02,1846,N,VIIRS,n,2,300.48,1.14,D,0
-2.30974,-80.04417,336.8,0.38,0.36,2024-12-02,1846,N,VIIRS,n,2,301.79,3.03,D,0
-2.22558,-79.78128,354.61,0.38,0.36,2024-12-02,1846,N,VIIRS,n,2,302.01,4.84,D,0
-2.2229,-79.7824,339.41,0.38,0.36,2024-12-02,1846,N,VIIRS,n,2,301.11,38.67,D,0
-2.21904,-79.77944,336.19,0.38,0.36,2024-12-02,1846,N,VIIRS,n,2,302.15,21.16,D,0
-2.21624,-79.7834,338.73,0.38,0.36,2024-12-02,1846,N,VIIRS,n,2,304.03,3.71,D,0
-2.17998,-79.94778,343.31,0.38,0.36,2024-12-02,1846,N,VIIRS,n,2,302.92,9.76,D,0
-2.17666,-79.94829,356.44,0.38,0.36,2024-12-02,1846,N,VIIRS,n,2,302.89,9.76,D,0
-2.17333,-79.94878,344.7,0.38,0.36,2024-12-02,1846,N,VIIRS,n,2,299.26,3.34,D,0
-2.10054,-79.77685,349.99,0.38,0.36,2024-12-02,1846,N,VIIRS,n,2,304.18,6.25,D,0
-2.09669,-79.77389,332.61,0.38,0.36,2024-12-02,1846,N,VIIRS,n,2,302.35,6.25,D,0
-2.09126,-79.76056,332.7,0.38,0.36,2024-12-02,1846,N,VIIRS,n,2,300.55,1.51,D,0
-2.0734,-79.77739,349.37,0.38,0.36,2024-12-02,1846,N,VIIRS,n,2,303.45,7.19,D,0
-2.05799,-79.76555,336.68,0.38,0.36,2024-12-02,1846,N,VIIRS,n,2,302.38,3.83,D,0
-2.03559,-79.86435,332.12,0.38,0.36,2024-12-02,1846,N,VIIRS,l,2,302.38,1.1,D,0
-2.03291,-80.04498,334.51,0.38,0.36,2024-12-02,1846,N,VIIRS,n,2,298.34,2.18,D,0
-1.99533,-79.84226,346.47,0.38,0.36,2024-12-02,1846,N,VIIRS,n,2,301.06,9.06,D,0
-1.99043,-79.83239,337.07,0.38,0.36,2024-12-02,1846,N,VIIRS,n,2,300.69,1.88,D,0
-1.97695,-79.85561,336.6,0.38,0.36,2024-12-02,1846,N,VIIRS,n,2,303.4,2.25,D,0
-1.97467,-79.86302,330.35,0.38,0.36,2024-12-02,1846,N,VIIRS,l,2,300.96,0.87,D,0
-1.96365,-79.85761,341.77,0.38,0.36,2024-12-02,1846,N,VIIRS,n,2,302.58,2.76,D,0
-1.97991,-79.96466,348.12,0.38,0.36,2024-12-02,1846,N,VIIRS,n,2,303.09,9.47,D,0
-1.97201,-80.04704,332.95,0.38,0.36,2024-12-02,1846,N,VIIRS,l,2,304.39,3.13,D,0
-1.94227,-80.03033,339.29,0.38,0.36,2024-12-02,1846,N,VIIRS,n,2,303.32,4.09,D,0
-1.93894,-80.03082,340.02,0.38,0.36,2024-12-02,1846,N,VIIRS,n,2,299.4,4.09,D,0
-1.91774,-79.97491,344.5,0.38,0.36,2024-12-02,1846,N,VIIRS,n,2,309.6,34.49,D,0
-1.92682,-80.07947,338.46,0.38,0.36,2024-12-02,1846,N,VIIRS,n,2,300.74,1.0,D,0
-1.89781,-79.9108,337.73,0.38,0.36,2024-12-02,1846,N,VIIRS,n,2,303.84,6.81,D,0
-1.89833,-79.91426,346.55,0.38,0.36,2024-12-02,1846,N,VIIRS,n,2,303.04,6.81,D,0
-1.89763,-79.93202,348.02,0.38,0.36,2024-12-02,1846,N,VIIRS,n,2,300.6,10.33,D,0
-1.91859,-80.07011,344.77,0.38,0.36,2024-12-02,1846,N,VIIRS,n,2,305.25,6.45,D,0
-1.88449,-79.9799,345.87,0.38,0.36,2024-12-02,1846,N,VIIRS,n,2,301.28,8.35,D,0
-1.85472,-80.09734,339.89,0.38,0.36,2024-12-02,1846,N,VIIRS,n,2,303.18,4.55,D,0
-2.30945,-80.06972,331.83,0.38,0.43,2024-12-03,1827,N,VIIRS,n,2,300.09,5.63,D,0
-2.30996,-80.07317,342.01,0.38,0.43,2024-12-03,1827,N,VIIRS,n,2,300.09,3.07,D,0
-2.30056,-80.03676,336.31,0.57,0.43,2024-12-03,1827,N,VIIRS,n,2,297.84,4.32,D,0
-2.3013,-80.04188,332.19,0.57,0.43,2024-12-03,1827,N,VIIRS,n,2,298.96,4.32,D,0
-2.29655,-80.03731,340.09,0.57,0.43,2024-12-03,1827,N,VIIRS,n,2,297.68,4.32,D,0
-2.30864,-80.06987,337.69,0.57,0.43,2024-12-03,1827,N,VIIRS,n,2,300.77,7.1,D,0
-2.3093,-80.07417,347.73,0.38,0.43,2024-12-03,1827,N,VIIRS,n,2,299.92,7.02,D,0
-2.2999,-80.03951,343.44,0.57,0.43,2024-12-03,1827,N,VIIRS,n,2,298.34,6.86,D,0
-2.30464,-80.07047,355.28,0.57,0.43,2024-12-03,1827,N,VIIRS,n,2,302.09,28.2,D,0
-2.30529,-80.07478,330.66,0.38,0.43,2024-12-03,1827,N,VIIRS,n,2,298.63,4.18,D,0
-2.29512,-80.03495,331.29,0.57,0.43,2024-12-03,1827,N,VIIRS,n,2,297.17,6.86,D,0
-2.05346,-79.76376,337.15,0.55,0.42,2024-12-03,1827,N,VIIRS,n,2,298.55,59.25,D,0
-2.05379,-79.76163,343.55,0.55,0.42,2024-12-03,1827,N,VIIRS,n,2,299.8,37.87,D,0
-1.92576,-79.76243,343.33,0.54,0.42,2024-12-03,1827,N,VIIRS,n,2,293.97,6.22,D,0
-1.91452,-79.92696,335.1,0.56,0.43,2024-12-03,1827,N,VIIRS,n,2,296.94,10.58,D,0
-1.91057,-79.92754,332.3,0.56,0.43,2024-12-03,1827,N,VIIRS,n,2,295.26,7.83,D,0
-1.92725,-80.03867,337.71,0.56,0.43,2024-12-03,1827,N,VIIRS,n,2,297.79,10.57,D,0
-1.9419,-79.97614,337.38,0.39,0.59,2024-12-04,1808,N,VIIRS,n,2,288.04,3.48,D,0
-1.91243,-79.93481,339.42,0.38,0.59,2024-12-04,1808,N,VIIRS,n,2,289.75,5.36,D,0
-1.91966,-80.06702,342.18,0.5,0.66,2024-12-05,1930,N,VIIRS,n,2,289.56,2.8,D,0
-1.86039,-79.77298,332.91,0.58,0.52,2024-12-09,1815,N,VIIRS,n,2,292.2,3.07,D,0
-1.87812,-79.79185,331.21,0.58,0.52,2024-12-09,1815,N,VIIRS,n,2,291.94,4.2,D,0
-1.87732,-79.7948,336.85,0.58,0.52,2024-12-09,1815,N,VIIRS,n,2,292.25,2.4,D,0
-1.91447,-79.77862,332.7,0.58,0.52,2024-12-09,1815,N,VIIRS,n,2,292.81,8.68,D,0
-1.91367,-79.77325,350.68,0.58,0.52,2024-12-09,1815,N,VIIRS,n,2,292.28,20.22,D,0
-1.92103,-79.93433,341.9,0.63,0.54,2024-12-11,1918,N,VIIRS,n,2,288.76,7.51,D,0
-1.91972,-79.9315,345.88,0.63,0.54,2024-12-11,1918,N,VIIRS,n,2,289.78,12.89,D,0
-2.00238,-79.90223,330.89,0.63,0.54,2024-12-11,1918,N,VIIRS,n,2,283.33,3.99,D,0
-1.99887,-79.75288,330.12,0.4,0.37,2024-12-13,1840,N,VIIRS,n,2,294.64,3.21,D,0
-1.91595,-80.02817,330.97,0.38,0.36,2024-12-18,1846,N,VIIRS,n,2,296.68,1.67,D,0
-1.88736,-79.75652,334.07,0.39,0.36,2024-12-18,1846,N,VIIRS,n,2,298.77,3.1,D,0
-1.91982,-79.92491,338.48,0.38,0.36,2024-12-18,1846,N,VIIRS,n,2,295.54,3.31,D,0
-1.90087,-79.80051,332.53,0.39,0.36,2024-12-18,1846,N,VIIRS,n,2,294.32,3.6,D,0
-1.93136,-79.93377,340.53,0.38,0.36,2024-12-18,1846,N,VIIRS,n,2,297.76,5.55,D,0
-1.96005,-79.94359,331.87,0.38,0.36,2024-12-18,1846,N,VIIRS,n,2,297.31,1.15,D,0
-1.95498,-79.88783,347.28,0.38,0.36,2024-12-18,1846,N,VIIRS,n,2,300.75,8.58,D,0
-1.97807,-79.97266,335.27,0.38,0.36,2024-12-18,1846,N,VIIRS,n,2,296.18,2.9,D,0
-1.9632,-79.83005,337.48,0.38,0.36,2024-12-18,1846,N,VIIRS,n,2,300.12,3.29,D,0
-1.9702,-79.85374,332.8,0.38,0.36,2024-12-18,1846,N,VIIRS,n,2,297.31,2.25,D,0
-1.96968,-79.85029,347.93,0.38,0.36,2024-12-18,1846,N,VIIRS,n,2,300.2,8.44,D,0
-1.97738,-79.85619,330.81,0.38,0.36,2024-12-18,1846,N,VIIRS,l,2,301.11,2.77,D,0
-1.9807,-79.8557,334.7,0.38,0.36,2024-12-18,1846,N,VIIRS,n,2,301.59,2.66,D,0
-1.96968,-79.78309,332.51,0.39,0.36,2024-12-18,1846,N,VIIRS,n,2,296.61,2.01,D,0
-1.98561,-79.79839,341.19,0.39,0.36,2024-12-18,1846,N,VIIRS,n,2,296.61,3.06,D,0
-1.99797,-79.83823,336.33,0.38,0.36,2024-12-18,1846,N,VIIRS,n,2,296.37,1.74,D,0
-2.22946,-79.75938,335.22,0.38,0.36,2024-12-18,1846,N,VIIRS,n,2,298.18,2.49,D,0
-2.1884,-79.77689,340.42,0.38,0.36,2024-12-18,1846,N,VIIRS,n,2,299.54,9.53,D,0
-2.19207,-79.80108,336.72,0.38,0.36,2024-12-18,1846,N,VIIRS,n,2,300.91,2.69,D,0
-2.17562,-79.78235,347.59,0.38,0.36,2024-12-18,1846,N,VIIRS,n,2,301.0,5.08,D,0
-2.17615,-79.7858,336.58,0.38,0.36,2024-12-18,1846,N,VIIRS,n,2,302.12,4.67,D,0
-2.17229,-79.78284,337.71,0.38,0.36,2024-12-18,1846,N,VIIRS,n,2,299.61,5.08,D,0
-2.10716,-79.75726,335.22,0.39,0.36,2024-12-18,1846,N,VIIRS,n,2,298.51,3.11,D,0
-2.10769,-79.76071,330.84,0.39,0.36,2024-12-18,1846,N,VIIRS,n,2,297.55,1.49,D,0
-2.19455,-79.78831,336.05,0.54,0.42,2024-12-19,1827,N,VIIRS,n,2,298.58,3.7,D,0
-2.20459,-79.80182,336.74,0.54,0.42,2024-12-19,1827,N,VIIRS,n,2,298.99,7.16,D,0
-2.20385,-79.79694,337.08,0.54,0.42,2024-12-19,1827,N,VIIRS,n,2,299.41,8.66,D,0
-1.85382,-80.04806,344.36,0.56,0.43,2024-12-19,1828,N,VIIRS,n,2,295.6,7.42,D,0
-1.95821,-79.78333,341.42,0.54,0.42,2024-12-19,1828,N,VIIRS,n,2,296.21,7.48,D,0
-1.98886,-79.8701,342.71,0.37,0.58,2024-12-20,1809,N,VIIRS,n,2,289.75,3.74,D,0
-1.85902,-80.00951,330.89,0.38,0.59,2024-12-20,1809,N,VIIRS,n,2,289.73,4.94,D,0
-2.05997,-80.07551,336.01,0.46,0.39,2024-12-24,1834,N,VIIRS,n,2,299.97,3.71,D,0
-2.05636,-80.07606,334.53,0.46,0.39,2024-12-24,1834,N,VIIRS,n,2,298.57,3.71,D,0
-1.97596,-79.85898,331.83,0.45,0.39,2024-12-24,1834,N,VIIRS,n,2,299.27,2.85,D,0
-1.9772,-79.89179,343.79,0.45,0.39,2024-12-24,1834,N,VIIRS,n,2,298.11,4.95,D,0
-1.97071,-79.94661,330.13,0.45,0.39,2024-12-24,1834,N,VIIRS,n,2,296.68,4.62,D,0
